deploymentid,make,model
002777a1-b689-45fb-a8ff-24112b587ee1, Prometheus , BTC5HDPX 
002b22d1-3e99-4376-9270-b12c05c67ae1, Prometheus , BTC5HDPX 
0082b82a-27d6-43cb-8020-b90aa636a230, CUDDEBACK , C1 
00fa842a-7253-4b34-ab1b-3b7efda91d06, RECONYX , HC500 HYPERFIRE 
013f67eb-baa1-4138-89ac-0658be2a9d9f, Prometheus , BTC5HDPX 
0149bce1-d1e8-4ae8-8c0d-2d940225c384, RECONYX , HYPERFIRE 2 COVERT 
020e41f6-78db-4475-be02-e697b0995afc, Prometheus , BTC5HDPX 
020f23c6-3ba1-4ae2-a9cd-f2a884280b7e, CUDDEBACK , E2 
026c0255-3c50-44c9-8962-28873a17f751, RECONYX , HC500 HYPERFIRE 
0272beed-8a2d-4959-9ad5-d974d34b0e65, Prometheus , BTC5HDPX 
02996d9b-eaf9-4518-9b9f-64fbff8ce86a, Prometheus , BTC5HDPX 
033fc7b4-cf7b-4a91-b01e-d4f0bc3a4f4e, RECONYX , HC600 HYPERFIRE 
03624b68-b1b1-4815-b922-32790e43644a, RECONYX , HC500 HYPERFIRE 
03835b4f-ef0b-410c-99d9-c7a6d4ca398a, Prometheus , BTC5HDPX 
039bd1b2-a620-4fcd-8839-1cb3d70c14a5, Prometheus , BTC5HDPX 
03ad2720-bc9b-4de3-a06f-94be221092b0, Prometheus , BTC5HDPX 
03b8e49c-7afe-4fca-bba1-8fc0077132cc, RECONYX , HYPERFIRE 2 COVERT 
03bd15e5-edc7-42d3-9c2b-ecdb05e4ab3b, Prometheus , BTC5HDPX 
04312d87-74e6-45a8-9db0-1f16a304adf4, RECONYX , HYPERFIRE 2 COVERT 
0443069b-baff-4c9b-aeb1-6b6acff4a030, RECONYX , HYPERFIRE 2 COVERT 
049ffeb3-a744-444a-ae3a-782046c62f8e, Prometheus , BTC5HDPX 
04a2812d-f9e0-49d9-9d43-04729887cb26, Prometheus , BTC5HDPX 
04a7542a-41df-44c2-87f1-b91d0f060035, Prometheus , BTC5HDPX 
04b67cdb-8e8a-492f-b262-0b2126ee103e, RECONYX , HYPERFIRE 2 COVERT 
05219c71-ed87-48f4-8190-f0db70f4caca, Prometheus , BTC5HDPX 
065ca70f-95b9-4071-95fa-782d46671905, Prometheus , BTC5HDPX 
06711f06-458d-46ca-89a9-d3c3381efd94, RECONYX , HC500 HYPERFIRE 
068a1db8-7d92-4433-a62e-9d73dc0b4461, Prometheus , BTC5HDPX 
06e29b2b-a726-423c-a3be-bfb06396103e, RECONYX , HC500 HYPERFIRE 
073c4bf3-081f-48a9-9fde-7ce10dc2ba08, RECONYX , HYPERFIRE 2 COVERT 
074ed473-1ebc-48d7-b091-bce4e560520c, CUDDEBACK , E2 
076b89dc-ac26-4d64-ac3e-38410694a7f6, Prometheus , BTC5HDPX 
077096e9-5541-4f2b-8029-cb3484d1d934, RECONYX , HC500 HYPERFIRE 
07ce214f-cbe1-4255-8e6f-ea59feedc56b, Prometheus , BTC5HDPX 
07e1d8b6-7f91-4c1f-8533-0709296bcc30, Prometheus , BTC5HDPX 
07e4c0a9-1d77-4711-a463-f3e342b2142c, RECONYX , HC500 HYPERFIRE 
08214b1e-0f0f-42f0-8c96-292173e076f8, RECONYX , HC500 HYPERFIRE 
08ed4180-3da2-4310-8ef4-5cfa058dbeac, Prometheus , BTC5HDPX 
094f9855-3787-4a47-9c9c-6181756866b1, Prometheus , BTC5HDPX 
0951b5e3-301a-4a3d-8a05-c5383891dd66, Prometheus , BTC5HDPX 
0983ca97-3b07-45ee-a111-4c4fc0cfc3a0, RECONYX , HC500 HYPERFIRE 
0a1a10dd-ca94-4c51-9f3a-e97820bfbab2, Prometheus , BTC5HDPX 
0a67b7db-0a61-41ef-9dda-ae927ccf5b0f, Prometheus , BTC5HDPX 
0aa685fa-258f-442d-abf4-3c7324ee9e7e, Prometheus , BTC5HDPX 
0c428a38-2486-46ca-8ab3-342c940a505b, Prometheus , BTC5HDPX 
0ca10fc2-4e4a-4bd8-960d-e0f23edcb1c8, Prometheus , BTC5HDPX 
0cf29355-4469-4178-a3ff-7bcb9fab7ae9, Prometheus , BTC5HDPX 
0cf8d6b6-08a1-41fc-a302-927bb4414949, Prometheus , BTC5HDPX 
0d0912ee-b8ef-403a-be49-e75ead508657, Prometheus , BTC5HDPX 
0d3c0b1e-d8f7-4edf-b950-2ea495ebfefb, RECONYX , HYPERFIRE 2 COVERT 
0d4d190c-622b-441a-aefe-03dd636768ea, RECONYX , HYPERFIRE 2 COVERT 
0d6e1b41-663a-4b82-8c43-ddad59f2e265, RECONYX , HC500 HYPERFIRE 
0df8f2a4-c5fc-45a7-afd9-2d264b914a11, RECONYX , HYPERFIRE 2 COVERT 
0ebf0d60-2393-4cb3-b366-b3c37319e18d, Prometheus , BTC5HDPX 
0ec4192f-e50e-4b24-bc39-6d6c773e973a, Prometheus , BTC5HDPX 
0f735c96-16c5-4757-a0d9-ab00fc7ffc0b, Prometheus , BTC5HDPX 
0f83ac87-9d4a-41f0-9f32-1102c6fc186d, Prometheus , BTC5HDPX 
0fdbd11f-307c-4450-95d6-19e8b8ea4915, RECONYX , HC500 HYPERFIRE 
10059726-5078-4ab1-8b85-0ed7308207dc, Prometheus , BTC5HDPX 
10712f66-3870-4907-836a-9bb904de5f72, Prometheus , BTC5HDPX 
109acfe6-2c05-4905-a6ce-a967b0ce79bc, RECONYX , HYPERFIRE 2 COVERT 
109be201-a0e8-46db-96cb-cdb8566b7698, Prometheus , BTC5HDPX 
114a9f7f-833b-45e5-9780-dccd8e36a039, RECONYX , HC500 HYPERFIRE 
118dde62-2a8e-48b1-9ecf-f9ac0a5d39c3, RECONYX , HYPERFIRE 2 COVERT 
1193b464-f0bc-4430-81a1-917b91957d72, Prometheus , BTC5HDPX 
11fc1668-4907-4caf-a18b-0a1d6d3cd48d, RECONYX , HYPERFIRE 2 COVERT 
1256053c-e2b0-4aa5-8787-fe8252d9e919, RECONYX , HYPERFIRE 2 COVERT 
1268e758-2975-4321-a2a6-4f143018c759, Prometheus , BTC5HDPX 
12bd8d4e-a980-4248-bb62-161c10314e9d, RECONYX , HC500 HYPERFIRE 
12ea71a8-eefb-4c02-ab6b-6328e97dce30, RECONYX , HYPERFIRE 2 COVERT 
136a998f-4a6f-4f43-aa99-cd06aaf69137, RECONYX , HC500 HYPERFIRE 
139dfff6-f50f-4fab-9881-18e7c9c183e9, Prometheus , BTC5HDPX 
140f74d4-8a50-4ad2-b7a9-6610492a112e, Prometheus , BTC5HDPX 
142a41c1-f9cd-4e8a-b772-f3ef774c9a37, Prometheus , BTC5HDPX 
14c5ab08-8b89-430c-a175-25f19cd9e0bb, Prometheus , BTC5HDPX 
14c7d104-ba70-47cf-92df-3c1dcd38b19f, Prometheus , BTC5HDPX 
15fe75ff-3a03-4ad8-af2b-3e8235dc3d12, Prometheus , BTC5HDPX 
16093af0-bfe6-4442-98d6-6236e298e75b, RECONYX , HYPERFIRE 2 COVERT 
163f6c04-45c3-42aa-bc7c-8f1853c1e06a, Prometheus , BTC5HDPX 
168e155a-1019-4476-a137-295f5cbd73cb, Prometheus , BTC5HDPX 
16acb130-c69a-44ec-aa6b-633e6c0a9b63, Prometheus , BTC5HDPX 
171533ae-3bd9-496d-86ec-740e47350fbd, RECONYX , HYPERFIRE 2 COVERT 
17a729d8-97b0-4485-ada1-cb25b8b471a9, RECONYX , HC500 HYPERFIRE 
17f18261-be66-4ec0-b63c-81e03c2d5e5b, Prometheus , BTC5HDPX 
1837964d-e4a2-4e53-b26e-f7028c9f517f, RECONYX , HC500 HYPERFIRE 
18e0090d-a1e6-4622-b699-73fc49726ea0, RECONYX , HC500 HYPERFIRE 
194c83dc-8fd6-479b-82a6-6bfa5b7b1bff, Prometheus , BTC5HDPX 
19941adf-148d-4c1e-baf0-335f27a79de1, RECONYX , HC500 HYPERFIRE 
19b9986b-0059-4ffb-810e-65bc3e54b546, Prometheus , BTC5HDPX 
19e1a2bf-c5db-4521-b119-3d8d89535ff4, Prometheus , BTC5HDPX 
19fa6b05-1ca4-4e6f-8498-fc3a95949bb3, RECONYX , HC500 HYPERFIRE 
1a0a0c00-a1b7-4200-968c-75dc12827962, Prometheus , BTC5HDPX 
1a1b1408-f187-4d22-a767-191844845db0, Prometheus , BTC5HDPX 
1a24016f-c237-4bb6-ac7a-5c346443a326, Prometheus , BTC5HDPX 
1a2e40ee-9ce3-4242-85aa-c5eee96ecd46, Prometheus , BTC5HDPX 
1a61c697-f6a2-4624-b4e4-385e866208de, Prometheus , BTC5HDPX 
1a6d792c-8748-4625-9c18-0c2475760432, RECONYX , HYPERFIRE 2 COVERT 
1a9bf8f7-03f9-49cf-9d42-93b3bcfe7584, Prometheus , BTC5HDPX 
1ad24d92-655b-4073-88dc-3ef5819ed2b2, RECONYX , HYPERFIRE 2 COVERT 
1af9ce7f-1b21-44f5-a171-9fc8d5f4bb36, Prometheus , BTC5HDPX 
1ba5f215-a20a-4846-861d-34ce917f8bff, CUDDEBACK , C1 
1bcd2999-a802-4ef3-8bcf-abc7b87b76a5, Prometheus , BTC5HDPX 
1c06d540-1a35-4c2e-bdb8-d4e40d7ad34a, Prometheus , BTC5HDPX 
1c110497-d74a-45a7-841f-6f34f4df887d, RECONYX , HC500 HYPERFIRE 
1c2d0610-0183-4304-aa56-0f892b264097, Prometheus , BTC5HDPX 
1c6b2039-a9c9-44b0-8d87-96f2e1203122, RECONYX , HC500 HYPERFIRE 
1c7c2d0d-8ae3-4e2b-938d-0db86c849c44, Prometheus , BTC5HDPX 
1cbaf90f-0665-43de-bedc-d9b00af74fc3, Prometheus , BTC5HDPX 
1d008c4d-7e38-4f85-9deb-f668496b38ab, Prometheus , BTC5HDPX 
1d102c13-ee0d-40b3-aba3-3edc7add7e58, Prometheus , BTC5HDPX 
1d17602b-5c0c-416a-a343-9335e6d899b4, RECONYX , HYPERFIRE 2 COVERT 
1d1e6191-ce96-4b70-a68a-e02db6a001cb, Prometheus , BTC5HDPX 
1d51dbc0-437d-46f8-a22f-8fd35bc1860f, Prometheus , BTC5HDPX 
1d852f48-362c-4882-a1cd-1f4ad7bb030e, RECONYX , HYPERFIRE 2 COVERT 
1d89eff4-41eb-4ddd-a53f-468660c9e83b, Prometheus , BTC5HDPX 
1dda1827-cfbd-457d-84f7-ac8c979b96d0, RECONYX , HYPERFIRE 2 COVERT 
1e0936d1-1dc0-4493-a0f4-21fe3570847b, Prometheus , BTC5HDPX 
1e424918-a7b2-41a7-89d6-fbfd74101aba, Prometheus , BTC5HDPX 
1e4d4688-557c-4117-9df8-08161bc4610c, RECONYX , HYPERFIRE 2 COVERT 
1ef98db5-623d-4a01-8742-3ec4a9d8e8aa, RECONYX , HC500 HYPERFIRE 
1f037c33-17b7-4bb5-bd47-924f17dd95bd, Prometheus , BTC5HDPX 
1f2f954f-4c1c-41ea-941b-3b016a61226b, Prometheus , BTC5HDPX 
1f59db3c-b6f1-409c-9526-f64c6bca158c, Prometheus , BTC5HDPX 
1f9728bc-6188-4d6d-8361-0946204bba13, Prometheus , BTC5HDPX 
1fba6b02-420a-4292-a392-9bec93693388, Prometheus , BTC5HDPX 
1fdbba29-f150-4e3f-81e4-4983ac2f0793, Prometheus , BTC5HDPX 
1fed57f4-7b3e-49c4-b14d-d690bf0132f2, RECONYX , HYPERFIRE 2 COVERT 
2014244f-0c19-44ce-86db-63d1638cde4f, Prometheus , BTC5HDPX 
202a7660-e795-4a23-9264-7578bfa19f8a, RECONYX , HYPERFIRE 2 COVERT 
203b78da-096a-4a2a-ade7-19c2c5b461a3, Prometheus , BTC5HDPX 
215f6229-213b-48f2-831f-74b1edf691b8, RECONYX , HC500 HYPERFIRE 
2196cf77-86c2-4a3a-b8a2-a7925da9b72b, RECONYX , HC500 HYPERFIRE 
21dc1826-accf-4ee5-b231-9619681a1fe9, Prometheus , BTC5HDPX 
2275ade4-d01d-4b80-865f-a096523de73a, Prometheus , BTC5HDPX 
227e9eaf-78de-4ca0-9041-71c066cf508a, RECONYX , HYPERFIRE 2 COVERT 
22b820e1-0beb-44f4-9940-40d7e5aff8b1, RECONYX , HC600 HYPERFIRE 
22c7c1d4-ce19-45af-b05c-0372f00b6e4b, RECONYX , HYPERFIRE 2 COVERT 
22c92d8b-917c-416d-9a51-70ba09bf0036, RECONYX , HC500 HYPERFIRE 
23083903-2bb2-4a1d-972e-b3e72e5f0c08, RECONYX , HC500 HYPERFIRE 
235f6e5c-b232-4e4e-84c4-baa883455940, Prometheus , BTC5HDPX 
2379a1c1-de0a-4cc2-9d8c-76e2e2535afc, RECONYX , HC500 HYPERFIRE 
23ae31da-ea82-42e7-a0e9-dd35df6cb208, Prometheus , BTC5HDPX 
23e22ed5-e65c-4410-b2f1-43b37f8fe8ee, Prometheus , BTC5HDPX 
23ef5f23-8d66-4b97-828a-81353e9c917f, Prometheus , BTC5HDPX 
23fb1459-970a-4d6d-84e4-4e4f3b126c89, Prometheus , BTC5HDPX 
248c87cc-ef8f-4a33-97b0-6501c811bfba, Prometheus , BTC5HDPX 
248e5df1-5bd2-4846-ac9d-d79c2b9308c4, RECONYX , HYPERFIRE 2 COVERT 
24cc11ef-a1a3-49d3-b314-85780b5969c2, Prometheus , BTC5HDPX 
255a2915-e143-487d-8b1b-ae410636aba6, Prometheus , BTC5HDPX 
2560441e-8b39-43ff-8fe9-086107dcdad0, Prometheus , BTC5HDPX 
259379b6-7ac4-42bc-ae7a-ff5b9d5f537e, Prometheus , BTC5HDPX 
25be3321-a055-432e-8a59-5843979223e7, Prometheus , BTC5HDPX 
25be3321-a055-432e-8a59-5843979223e7,,
25e522b1-0f1a-4064-9526-c299f16637f6, Prometheus , BTC5HDPX 
26077608-c173-4461-9b5b-23f228c53436, RECONYX , HYPERFIRE 2 COVERT 
265301ad-1d5b-4521-b52e-3a4089866aa5, Prometheus , BTC5HDPX 
265c08df-7135-4b60-aba4-a2029526ac66, RECONYX , HYPERFIRE 2 COVERT 
265eef81-c871-43c5-aa0f-5b398997a503, Prometheus , BTC5HDPX 
268b3085-8982-4952-9386-67b5883adfdb, Prometheus , BTC5HDPX 
272a53ee-f2f4-439d-b157-75a440f978a3, RECONYX , HYPERFIRE 2 COVERT 
275ff07d-b774-4e34-a4da-0c3128e5ccb7, Prometheus , BTC5HDPX 
27a4eec5-7fcb-4790-b5b5-3161def5c83a, RECONYX , HC500 HYPERFIRE 
27a56b39-64c5-4498-8593-86b8170db8ef, RECONYX , HYPERFIRE 2 COVERT 
27eb66af-75ed-4b47-8333-8e7d44e52eab, Prometheus , BTC5HDPX 
2831b4a4-4a4e-46bf-ab2d-d1b7d5203684, RECONYX , HYPERFIRE 2 COVERT 
287cdf40-dc5e-41b4-9011-8bdf197193eb, RECONYX , HYPERFIRE 2 COVERT 
2955dd1f-c6f1-4e47-bb88-59b5eb82fe49, Prometheus , BTC5HDPX 
295acddb-deca-4fab-94db-001ec93e5c6e, Prometheus , BTC5HDPX 
295ae43c-eca6-4c8a-8e7c-9aa31cbe6963, RECONYX , HC500 HYPERFIRE 
29993691-3e24-4d65-8b30-b63973ef6072, RECONYX , HYPERFIRE 2 COVERT 
29d5af69-cdfe-4bc7-9197-40e54ce42d36, Prometheus , BTC5HDPX 
29fddd7d-877c-428b-91d4-ff7fcc2a5a28, Prometheus , BTC5HDPX 
2a985322-3460-4f87-b508-17d3739106b3, Prometheus , BTC5HDPX 
2abe08cb-c146-4747-bcfd-ad764a9f562b, RECONYX , HC500 HYPERFIRE 
2ae6d643-d245-4e83-8909-0ca4f9fb058b, Prometheus , BTC5HDPX 
2ba3f57f-16a8-4ea4-970f-0edeb8bae362, CUDDEBACK , E2 
2baa4b7c-eb39-4ced-8399-47fcd9a02bcc, RECONYX , HYPERFIRE 2 COVERT 
2bc27501-2fb2-411c-a8f3-915237db25f7, Prometheus , BTC5HDPX 
2bc5c73d-96f2-4c32-9ebc-a1538c815a89, Prometheus , BTC5HDPX 
2bc70b33-c5b2-49cd-9501-2814cb84d972, Prometheus , BTC5HDPX 
2bebac5a-57fb-4947-b334-3ca353a30ac2, Prometheus , BTC5HDPX 
2bf1bd5d-00dd-4b66-88c5-0265ed3c489d, Prometheus , BTC5HDPX 
2c3be2bd-5664-40f4-a37c-e7a1f9397fe9, RECONYX , HC500 HYPERFIRE 
2c9cf12f-82a9-46a7-96a5-efbb955fa6e9, RECONYX , HC600 HYPERFIRE 
2ca9cf69-c7fb-44ae-81c5-8260e47ecf3c, Prometheus , BTC5HDPX 
2cb2459f-a339-44b6-a695-314a48f6cc6a, Prometheus , BTC5HDPX 
2cccf1ef-fbfe-484f-9ec7-90cf10503b2f, RECONYX , HC500 HYPERFIRE 
2d18cd0a-1c99-4dec-b0b3-bd497ba42d19, Prometheus , BTC5HDPX 
2d44eab9-a047-431d-bc13-4a7e2306370e, RECONYX , HYPERFIRE 2 COVERT 
2d5d99cc-d90f-48fd-975e-6ef7e8c8d356, RECONYX , HYPERFIRE 2 COVERT 
2da67463-71cf-4b22-803b-e491b94d41b2, Prometheus , BTC5HDPX 
2db3d2a1-f3a1-4108-8ea1-97c687d66b8d, Prometheus , BTC5HDPX 
2db52c6b-27d5-47cf-813b-f522c8e5dc91, Prometheus , BTC5HDPX 
2dbabaae-9070-4a05-8573-ba31ee8ad0b4, RECONYX , HC500 HYPERFIRE 
2dc63231-9fb3-4613-afb7-1b9f8e654d13, RECONYX , HYPERFIRE 2 COVERT 
2e05ddb6-f661-44c4-a358-8a34d236aa22, RECONYX , HC500 HYPERFIRE 
2e41808b-220c-4759-964d-b7546321ef8b, Prometheus , BTC5HDPX 
2e6934ee-47b1-4a5b-b2af-d3df8e7e0d60, Prometheus , BTC5HDPX 
2e9c027b-4060-42a5-bb66-dcdc483d7bb8, RECONYX , HYPERFIRE 2 COVERT 
2ea3d2c4-dce5-437f-b088-715899b6da3b, Prometheus , BTC5HDPX 
2ef18020-c4b3-48a3-8826-37655994d3db, Prometheus , BTC5HDPX 
2efd95e7-37bf-4aec-a5ee-7737ef5e48f0, Prometheus , BTC5HDPX 
2f282752-afd7-4c3e-be67-0a456ce029df, Prometheus , BTC5HDPX 
2f288075-6191-4634-bcc2-a7188ffb0baa, RECONYX , HYPERFIRE 2 COVERT 
2f4152b7-146a-45e0-8e97-3f9cb6169e79, RECONYX , HC500 HYPERFIRE 
2f4a9156-56bb-465c-9fee-eaa6276742eb, Prometheus , BTC5HDPX 
305845f2-9fbb-4ec3-a25f-f9d9118ea9ee, RECONYX , HC600 HYPERFIRE 
306a8840-4ae8-4bc0-a376-89691d55ef0b, Prometheus , BTC5HDPX 
3075fdb2-4463-4d66-8565-947cd7709c4f, Prometheus , BTC5HDPX 
309c14eb-b579-41d9-82df-ecd46c3d07ad, Prometheus , BTC5HDPX 
30a83f44-1c46-40bf-8a3d-fea3d500caa4, Prometheus , BTC5HDPX 
30f87081-0923-4e5e-9820-3e4d669abc69, Prometheus , BTC5HDPX 
310c5f91-350f-42c3-a32f-5786ecbe51d5, Prometheus , BTC5HDPX 
310c9e04-de5e-44ea-bd66-5dedd5276131, RECONYX , HYPERFIRE 2 COVERT 
3111a43c-f322-419c-91df-f241cde67151, RECONYX , HC500 HYPERFIRE 
317a676c-a1e9-4c0d-a201-fa8906ea9aa8, Prometheus , BTC5HDPX 
31c71560-8349-4311-bd8b-75fcc5deb4bf, Prometheus , BTC5HDPX 
31d30bb1-0bed-4f1f-abf3-969fec757356, Prometheus , BTC5HDPX 
31f65bd4-71a2-40db-8183-b4652ed6e236, Prometheus , BTC5HDPX 
3201a6d7-e32b-45a1-9b57-250f283d61f2, RECONYX , HC500 HYPERFIRE 
320e7da0-2898-432b-9ec3-79fc86f69427, Prometheus , BTC5HDPX 
3260f02d-6f23-4780-b2ef-c84ff8c36d07, Prometheus , BTC5HDPX 
32648b81-6d04-4efa-88e5-8a288619eb2c, Prometheus , BTC5HDPX 
333aea6a-60e1-4b69-b057-7e541514017c, Prometheus , BTC5HDPX 
334b1f2d-bf7e-4d98-a8b4-829d87b77cce, Prometheus , BTC5HDPX 
3420ad84-2bf8-4664-b0a5-8b29dad39c69, Prometheus , BTC5HDPX 
3463ca30-c7d5-4096-bfc0-9fe7d89f82d6, RECONYX , HC500 HYPERFIRE 
34f1e32c-d52b-4f2c-95bf-8102907cfe94, RECONYX , HC500 HYPERFIRE 
351c5392-7f1d-4442-88f7-babd37219f17, Prometheus , BTC5HDPX 
3520741d-d952-4db6-b734-a95f1e53e25f, CUDDEBACK , E2 
359150fc-9020-4ff6-ac41-1eded85b0a0e, Prometheus , BTC5HDPX 
359f2f96-92ec-492e-8a37-e91974b71f0c, Prometheus , BTC5HDPX 
35a000c2-feaa-4700-bbcc-81de1a8bb944, Prometheus , BTC5HDPX 
360db323-71a8-448e-a007-6cc5e85394cb, RECONYX , HYPERFIRE 2 COVERT 
36168c03-17db-4572-a806-cd3b38e98e98, RECONYX , HYPERFIRE 2 COVERT 
362e6413-ebb2-4b3a-ad65-2d12b505f0af, Prometheus , BTC5HDPX 
36b52a67-f9e9-492f-88f4-1b006a658dab, RECONYX , HC500 HYPERFIRE 
36c7315f-725d-486a-99ea-f65fc80d110d, Prometheus , BTC5HDPX 
372551cc-68ac-40b7-9c8b-5d357cffb722, CUDDEBACK , E2 
374c84da-4a87-4e67-af32-cf53690b191c, Prometheus , BTC5HDPX 
376b393c-c91d-402d-8d24-5209eab9af56, Prometheus , BTC5HDPX 
37794726-e75c-4a1e-8323-ea79830001ec, RECONYX , HC500 HYPERFIRE 
37794726-e75c-4a1e-8323-ea79830001ec, RECONYX , HYPERFIRE 2 COVERT 
37a6e2c2-9fbc-425f-9845-fec714faca24, CUDDEBACK , E2 
37a7afa9-0624-45cf-95c4-9ec1b7ef35ad, Prometheus , BTC5HDPX 
37b6b773-6833-4f09-8e8c-7f84e97c9b4f, RECONYX , HC500 HYPERFIRE 
37f4b494-1be5-42ae-9dad-34db82084d83, RECONYX , HC500 HYPERFIRE 
37f6eb2c-23e2-45c2-b921-4a2e503ff0f8, RECONYX , HC500 HYPERFIRE 
3933cd0d-3b50-47fb-b46f-01957bc30f1d, Prometheus , BTC5HDPX 
395c7885-478b-48f4-af0f-853fb1c155ac, Prometheus , BTC5HDPX 
39ac80df-f775-4d24-ac20-567cb6302c28, RECONYX , HYPERFIRE 2 COVERT 
39b1f7e3-0e19-4cbc-a31d-97802d10b5d7, CUDDEBACK , C1 
39e3720e-88dd-4711-b1be-aab2ad196e4e, Prometheus , BTC5HDPX 
39e911be-d49f-43f1-a9f8-24ade63cea3c, Prometheus , BTC5HDPX 
3a323e2e-1dce-4d09-8beb-e24288bbc059, Prometheus , BTC5HDPX 
3a65183f-25e1-408c-b597-74c24de105a7, Prometheus , BTC5HDPX 
3a860acf-eb59-469b-997f-dd3d6177361f, RECONYX , HYPERFIRE 2 COVERT 
3a860acf-eb59-469b-997f-dd3d6177361f,,
3abe2b9d-1939-4718-98b1-731355d258a4, RECONYX , HC500 HYPERFIRE 
3acfffaf-bab4-4464-aa15-2327f122653d, Prometheus , BTC5HDPX 
3b3efe8c-3a44-46cc-8b4b-afdc24218738, RECONYX , HC500 HYPERFIRE 
3b76cfdd-87a7-4cf3-bef6-d1797ffef136, RECONYX , HC500 HYPERFIRE 
3b840618-5042-4e71-94d3-fd19f90e5737, Prometheus , BTC5HDPX 
3bae51af-8a40-40cd-bc26-5b2ed5651ca4, Prometheus , BTC5HDPX 
3bbd8f84-52f4-4542-a0bb-91a4f5f16463, RECONYX , HYPERFIRE 2 COVERT 
3bc725d5-28e1-4ad2-a6d4-1f14449623fe, Prometheus , BTC5HDPX 
3c1366fc-81b4-47b4-87b7-89916f8509e7, RECONYX , HYPERFIRE 2 COVERT 
3c69b327-9445-48f6-bf09-4f495cc38d1a, CUDDEBACK , E2 
3c722ab8-5cc2-43db-bf73-5d8563a34f03, RECONYX , HYPERFIRE 2 COVERT 
3c85aa63-342f-4238-b91a-3128e1bb6511, Prometheus , BTC5HDPX 
3ce0b93b-7f7d-408a-80b7-102edc704627, Prometheus , BTC5HDPX 
3d02e989-7c0f-4f76-adde-a13cb4072a2a, Prometheus , BTC5HDPX 
3d26129c-434c-42bc-90dc-170e4be6908d, RECONYX , HC500 HYPERFIRE 
3d526464-e642-4920-a9bd-31ccd575f638, RECONYX , HC500 HYPERFIRE 
3d8d7d20-209b-4aa9-931c-a18562af4b7b, Prometheus , BTC5HDPX 
3dc6464f-98b3-4da3-bcf0-44f649c4dfb3, Prometheus , BTC5HDPX 
3e1eea39-c56a-442a-b94f-deb0b9a9afa4, RECONYX , HC500 HYPERFIRE 
3e6725e9-5095-4f9e-a79c-41b3c064b46c, RECONYX , HYPERFIRE 2 COVERT 
3ede2615-41e6-401f-98b3-09e5370ba459, Prometheus , BTC5HDPX 
3f249326-8eb7-4dc7-8858-45b427446726, Prometheus , BTC5HDPX 
3f283938-7a37-4089-afad-70c064e7a4c3, RECONYX , HC500 HYPERFIRE 
3ff6b517-7418-418f-8727-a9e241f1b194, RECONYX , HYPERFIRE 2 COVERT 
3ffa6c21-da1d-4cdb-b88a-4efc5b1b1371, RECONYX , HYPERFIRE 2 COVERT 
40a5612f-e8f1-497f-9a10-4af4f0b54641, Prometheus , BTC5HDPX 
40beb27f-218d-4be0-abe9-15e238eab8cc, Prometheus , BTC5HDPX 
40f238f3-65b2-4343-be4a-39098bb51126, RECONYX , HC500 HYPERFIRE 
40f29dfd-366f-4c4e-a387-2e2d5fbb5875, Prometheus , BTC5HDPX 
41029b99-7221-4fe0-8faa-8b7172558a81, Prometheus , BTC5HDPX 
4103db8c-7971-4c71-b15f-466b7eaff855, Prometheus , BTC5HDPX 
4109ea4c-7c62-4900-97a8-2aba6aa67cc2, RECONYX , HC500 HYPERFIRE 
410aed7e-66f3-494c-9341-051485b66d52, RECONYX , HYPERFIRE 2 COVERT 
4142093d-11ab-4676-ad8c-13ee302a2058, RECONYX , HC500 HYPERFIRE 
4143fd9b-14a6-45aa-bf3c-f8b1c061d06f, Prometheus , BTC5HDPX 
415fd93b-d047-493c-b94c-c8940188f940, Prometheus , BTC5HDPX 
417345ad-7809-45f0-af41-497a02807d2e, RECONYX , HC500 HYPERFIRE 
4182569c-7c36-4091-9218-0ef92fb850be, Prometheus , BTC5HDPX 
41abbb6c-4df7-495e-919a-f2d6891edf06, Prometheus , BTC5HDPX 
41b8bbd4-833f-4447-9a45-c9f367b6ee68, Prometheus , BTC5HDPX 
42256c08-9140-4a63-9723-a58569f1812e, RECONYX , HYPERFIRE 2 COVERT 
4239b28b-2535-4254-86b0-ed7a0e5b4ef1, Prometheus , BTC5HDPX 
42ac88dc-da6f-42ed-a153-2a5106d4955e, RECONYX , HYPERFIRE 2 COVERT 
42bbd4ab-a056-485c-885d-bb550101d2c6, RECONYX , HYPERFIRE 2 COVERT 
42c8faab-1b10-4615-87a9-72a935cab5ab, RECONYX , HC500 HYPERFIRE 
42da29a5-5981-43eb-a3b9-facb489c3cee, RECONYX , HYPERFIRE 2 COVERT 
42e27e14-693a-4d43-824b-aa372fee06d3, Prometheus , BTC5HDPX 
430cfbe6-92a2-416a-be32-f64858d9d555, Prometheus , BTC5HDPX 
432b69e3-be65-4572-aebe-2eb9bd33fef6, Prometheus , BTC5HDPX 
43631885-9017-4673-82a4-ba1057f2bf58, Prometheus , BTC5HDPX 
43c62481-56f8-4879-9da1-c6b5d190b94d, Prometheus , BTC5HDPX 
43c73828-d457-4821-a0d0-6f31ff286764, Prometheus , BTC5HDPX 
4440735b-ad3b-414e-a032-200f2c92e59a, Prometheus , BTC5HDPX 
447fd368-2325-4f4a-a7f2-6fabf56a3fd1, RECONYX , HC500 HYPERFIRE 
448de5ff-e64f-47fd-9d4e-1be0187e843e, Prometheus , BTC5HDPX 
448f5127-f693-4a2d-b411-81ca72855350, Prometheus , BTC5HDPX 
44954573-5307-4406-be63-f04cd32e15ce, Prometheus , BTC5HDPX 
44b56699-2390-4539-b083-5260c54780f4, Prometheus , BTC5HDPX 
4597dc15-4b3c-4c90-9446-2ea08ddf8be0, RECONYX , HYPERFIRE 2 COVERT 
45bff5d7-2ef9-4215-aafd-6ef4eab2047f, RECONYX , HC500 HYPERFIRE 
45e303c3-28ad-4440-8fd8-2eae2911b44c, Prometheus , BTC5HDPX 
45f1fe5c-d824-45c8-95ce-4520d6699477, RECONYX , HYPERFIRE 2 COVERT 
4681044c-3d26-46d8-8c40-3f4079f8c4ca, Prometheus , BTC5HDPX 
46c9343e-373b-4251-b65c-398a6c8cf8b6, Prometheus , BTC5HDPX 
473b1645-bc4b-4436-95b2-85111c216ed1, Prometheus , BTC5HDPX 
473f58a5-5274-4603-a8bc-dfa9ab4cbdae, Prometheus , BTC5HDPX 
4788cf50-4c55-41b5-af81-02581822fb7f, Prometheus , BTC5HDPX 
47e6a03b-4631-4310-ae83-2490bab60faa, RECONYX , HYPERFIRE 2 COVERT 
47fcf0c5-af66-4c17-bebb-5f1f1aa44eb6, RECONYX , HYPERFIRE 2 COVERT 
4887ba65-9fd6-499f-9fac-6e255275ed1f, RECONYX , HYPERFIRE 2 COVERT 
4893262b-6a57-4adc-b09d-5f40b2e0d5e9, RECONYX , HC500 HYPERFIRE 
489b07cc-3f90-4fb8-9a6f-37aa12f02ad9, Prometheus , BTC5HDPX 
4943ab07-230f-490c-829e-c27d963f95d9, Prometheus , BTC5HDPX 
49478432-e70c-4088-bf00-21dce78564bf, Prometheus , BTC5HDPX 
496a2381-1c16-4c12-8347-78980b19e93d, Prometheus , BTC5HDPX 
49d53d9f-2b2d-4264-a441-706c24fe20fe, Prometheus , BTC5HDPX 
4a27bebf-f6fc-432a-b00d-e91d5668d4c9, Prometheus , BTC5HDPX 
4a2aec4b-3985-48be-bdd7-1c5c998a4f28, RECONYX , HC500 HYPERFIRE 
4a970b90-44da-4629-9373-bdaa80f20ce9, RECONYX , HYPERFIRE 2 COVERT 
4ad2a767-b524-4c02-a629-99e271ee091b, Prometheus , BTC5HDPX 
4b3bf61d-8bf9-4d92-b21d-8b5fb5c01e86, Prometheus , BTC5HDPX 
4b3eb0b4-83f8-4145-b06d-3d4144b61782, Prometheus , BTC5HDPX 
4b3ff74e-b224-4972-b81a-0da86002901e, RECONYX , HYPERFIRE 2 COVERT 
4c023eb6-cb0c-4ea6-ba5c-384ac4046517, Prometheus , BTC5HDPX 
4c1ed3cf-8b7c-413d-80ba-82138cf46966, Prometheus , BTC5HDPX 
4c70f5f8-62f2-454f-a75a-3125bd953d0c, RECONYX , HYPERFIRE 2 COVERT 
4debf249-5028-4bc4-90c6-cbf118a80611, Prometheus , BTC5HDPX 
4e283384-bf50-45aa-a5fb-7cf1742323a6, Prometheus , BTC5HDPX 
4e8e5d3f-0b00-45f0-8974-44bf8336a7c2, Prometheus , BTC5HDPX 
4e99fa5a-ac06-40ed-ad40-bb8c934a3cae, RECONYX , HC500 HYPERFIRE 
4eb1e7c8-8f54-496d-afa0-26c74fb8172a, RECONYX , HC500 HYPERFIRE 
4ec816e2-859e-4c43-882f-60115e8360ef, Prometheus , BTC5HDPX 
4edf96c7-65d2-4df6-99d5-64bb30692d9f, RECONYX , HC500 HYPERFIRE 
4f10da0a-abca-4e6e-85fe-e42e8369c1c0, RECONYX , HC500 HYPERFIRE 
4f67b8bd-20f7-4ee7-853b-1fa603a1ad15, Prometheus , BTC5HDPX 
4f6d1960-e8eb-45c6-81d3-45c6bb111fa1, RECONYX , HYPERFIRE 2 COVERT 
4fb26cb1-f8ab-4316-a8c1-82ecd9207c1b, Prometheus , BTC5HDPX 
501d91ac-de4d-48f4-8b0c-0c822c504744, Prometheus , BTC5HDPX 
50275cf7-78b6-4c1b-93d3-d1b3c1601a6d, RECONYX , HYPERFIRE 2 COVERT 
503a7b54-250c-47f8-a9a4-8e99261069b5, Prometheus , BTC5HDPX 
5040e0d0-023b-47be-8406-067346b9eab0, RECONYX , HYPERFIRE 2 COVERT 
5063deeb-454d-4d6a-8f89-7c77bc7a5267, Prometheus , BTC5HDPX 
509347c2-1058-4e86-a0d2-804378ff331b, Prometheus , BTC5HDPX 
50a665f7-4d5c-4af4-a7f7-1d2b921852ca, Prometheus , BTC5HDPX 
50cab8ff-fa92-44ea-92d9-c77d05e3fd00, Prometheus , BTC5HDPX 
510a1634-870c-4819-a348-2ed207d31153, Prometheus , BTC5HDPX 
5138318b-6876-4cc8-8629-1b5eebde983a, Prometheus , BTC5HDPX 
52179acc-bdb0-4933-a2f2-221912241ab9, RECONYX , HC500 HYPERFIRE 
523e52a9-21d6-4c72-89df-d9d82a228b36, RECONYX , HC500 HYPERFIRE 
526319f5-d73d-4100-8434-66e0c7d98524, Prometheus , BTC5HDPX 
52905595-48c3-469e-8e2f-b160a1b7edb1, Prometheus , BTC5HDPX 
52a861cf-faf8-4a3a-9a0d-156e2b837a0f, Prometheus , BTC5HDPX 
52ac69a9-755e-4105-80b3-3e5897e97113, RECONYX , HYPERFIRE 2 COVERT 
52d19055-27db-4716-89ac-31e0ffbecf4a, Prometheus , BTC5HDPX 
52d95165-05af-4045-82e0-a8766ba6b230, RECONYX , HC500 HYPERFIRE 
53524680-3b18-47ba-adb4-7e3fa1ec9704, RECONYX , HYPERFIRE 2 COVERT 
538698a4-cba1-48b4-bb83-b2d42073548f, Prometheus , BTC5HDPX 
53d5e3e4-5589-489d-9da2-06729635b1f7, Prometheus , BTC5HDPX 
53f54fc1-3a6b-49cb-bd2b-fdfb6fbf23e3, Prometheus , BTC5HDPX 
543512a7-f387-449a-b8b0-7542155388d4, Prometheus , BTC5HDPX 
54877f41-82a3-4877-81e7-9f4a0da32157, RECONYX , HYPERFIRE 2 COVERT 
549aea68-e2ac-4764-b453-6fa6ddb6bd65, RECONYX , HYPERFIRE 2 COVERT 
54b23e16-565e-46e2-8d5e-7463c9c2b45f, Prometheus , BTC5HDPX 
54c3816f-1590-4e4b-94d9-bf87788976cd, Prometheus , BTC5HDPX 
54da9911-6613-411c-a80a-1189fd5ff6c1, Prometheus , BTC5HDPX 
5503d22b-0272-4785-bbf0-80fc798300bb, Prometheus , BTC5HDPX 
554d319a-a8af-41f7-8924-393a6b847781, Prometheus , BTC5HDPX 
555e5183-c886-40cb-a207-89417d223238, Prometheus , BTC5HDPX 
55b0c80a-e426-4ce0-8fe9-60ea22dd8d15, Prometheus , BTC5HDPX 
55e3777b-19ac-461d-a66a-71347fafcecc, Prometheus , BTC5HDPX 
55f91320-5048-4ce2-af08-3e13a9f4b1a4, RECONYX , HYPERFIRE 2 COVERT 
561a6a3c-7cda-40dc-973a-85fe88f112b8, RECONYX , HC500 HYPERFIRE 
561b94c5-dc83-4aca-a428-d28078f9fd39, CUDDEBACK , C1 
56529894-ce89-4a21-b21f-605d1d4ff3fe, Prometheus , BTC5HDPX 
5685070a-4df1-4f7e-986c-1cc5716d0450, RECONYX , HC500 HYPERFIRE 
56b57c12-99b8-4aa3-87b4-9cc5d7d6da4b, Prometheus , BTC5HDPX 
56eafce8-264f-438c-be9c-2cf4fda9b30d, RECONYX , HC500 HYPERFIRE 
5733bccc-caaa-48e1-8dfe-ce48ad36e600, Prometheus , BTC5HDPX 
576c0d53-a41e-4eda-b6e1-09a0f7bcc354, Prometheus , BTC5HDPX 
5772535e-8967-4310-af2c-2ab3635d21fc, Prometheus , BTC5HDPX 
57ade3ea-c218-42f0-8b16-0330e8b339c4, RECONYX , HYPERFIRE 2 COVERT 
58d338a0-8d66-42c7-b16a-b60930faad64, Prometheus , BTC5HDPX 
599ab0e6-77df-4d22-8d94-4886a330d14e, RECONYX , HC500 HYPERFIRE 
59f026ed-dad2-4407-8145-70c08898388d, RECONYX , HC500 HYPERFIRE 
5a2e0ea4-601e-49c3-ac2f-414cdc6cca4b, Prometheus , BTC5HDPX 
5a76d4f7-bd0c-41e3-bc37-7fe4fb36d45c, RECONYX , HC500 HYPERFIRE 
5aae3fc0-7dd5-4836-9e14-65bb3f5cd655, CUDDEBACK , C1 
5af8659d-21a8-4b16-aaa9-26204cfdf7f2, RECONYX , HC500 HYPERFIRE 
5b068fab-2bc9-452d-a85c-3ab65d246815, Prometheus , BTC5HDPX 
5b24b66e-1b0d-4261-875f-800d37f81397, Prometheus , BTC5HDPX 
5b79668a-fd6d-4735-89f3-cd601abcfe1f, RECONYX , HYPERFIRE 2 COVERT 
5b9c1959-bf71-43e2-bd5a-e2650d452692, RECONYX , HC500 HYPERFIRE 
5ca964b1-413d-4394-aaf9-d1c6c52b2c0f, Prometheus , BTC5HDPX 
5cacd485-f642-4c5f-bf0c-8d86cb7bf413, Prometheus , BTC5HDPX 
5cf10a89-d23d-438b-89c5-722180576126, RECONYX , HC500 HYPERFIRE 
5dbc3504-a0a5-4cf1-8f6d-1806c067fd03, Prometheus , BTC5HDPX 
5dcc72b4-55ac-4ae6-b518-62b3135e64e4, Prometheus , BTC5HDPX 
5e0bb0b5-b933-4381-9d72-e76dcdc4c24f, Prometheus , BTC5HDPX 
5e0dcfcf-5926-44a3-8a3f-1dccae049a74, Prometheus , BTC5HDPX 
5e2bf00f-7425-4dc9-aa64-fe6290276e2b, CUDDEBACK ,1200
5e2fa066-ffc8-4496-b40f-d96b44910fa1, RECONYX , HYPERFIRE 2 COVERT 
5e3b3a7a-f007-421e-a1f3-3f48d30ff4be, Prometheus , BTC5HDPX 
5e7190c2-196a-49b9-a433-5e5e6aa8642a, Prometheus , BTC5HDPX 
5e83e1dd-6cc8-42fb-b012-ba616ec4a762, Prometheus , BTC5HDPX 
5e8c560d-a93c-4137-8508-8fe45fff63fa, Prometheus , BTC5HDPX 
5e9ac002-4bbd-4bd1-8bd4-86ac6acb0686, RECONYX , HYPERFIRE 2 COVERT 
5eaf3e06-9848-4c15-8e55-518540d8d8cd, Prometheus , BTC5HDPX 
5f12ff98-1550-4185-be5c-68628ccf3e6a, Prometheus , BTC5HDPX 
5f3bdde6-9fc6-4687-99b0-6dacfccabf63, CUDDEBACK , E2 
5fa0e7b7-f68a-4e0f-9338-6b09d36a8dce, Prometheus , BTC5HDPX 
5fed5974-7429-49c6-9680-ae10d8d9c89f, RECONYX , HYPERFIRE 2 COVERT 
6002c5e6-4775-4d0b-9c59-5e607a06173c, Prometheus , BTC5HDPX 
604f467a-63fb-4810-bced-eb7be76bbbcc, CUDDEBACK , C1 
607a9b75-4a90-4b9f-8359-3e50179ce2cb, Prometheus , BTC5HDPX 
60fa2daf-79fd-4ebe-aede-6357915e3eec, Prometheus , BTC5HDPX 
61179dd4-9073-43b3-bc73-17c3d202ff17, Prometheus , BTC5HDPX 
611803f1-7982-428d-b54d-26215975c795, RECONYX , HC500 HYPERFIRE 
61a24490-e5ef-4f0d-9bd0-58ead6abb171, Prometheus , BTC5HDPX 
62075f22-e34b-4bb9-a325-45c83cfbdbc7, RECONYX , HYPERFIRE 2 COVERT 
621dd370-79ec-4d0e-abde-bfec6c0d0806, RECONYX , HC600 HYPERFIRE 
62932a38-18cc-4572-9110-3f1d1aada4dd, RECONYX , HYPERFIRE 2 COVERT 
6299f9b1-aeb6-49a2-8bea-dad5c9039546, Prometheus , BTC5HDPX 
629dc125-acc9-4850-9456-a14f614531f4, Prometheus , BTC5HDPX 
62ca0cde-12a4-4989-9236-9253f7f2f03a, Prometheus , BTC5HDPX 
632e730a-e3b5-47a3-a234-2e4659dd1231, Prometheus , BTC5HDPX 
6352609e-edc1-4375-93d8-bb6e4e219752, Prometheus , BTC5HDPX 
636654e0-8302-458c-9929-5dda7941f131, Prometheus , BTC5HDPX 
638daf1b-bef0-4f74-bade-1e7b4c2b5653, RECONYX , HYPERFIRE 2 COVERT 
63f7823c-4d39-4697-8c64-ab0a375b28dc, Prometheus , BTC5HDPX 
640738a7-0cec-439b-8154-039ce0b3c9bd, RECONYX , HYPERFIRE 2 COVERT 
64fbe420-e8fc-473f-9774-4ec97e5cfc6f, Prometheus , BTC5HDPX 
651b0e25-2275-48b7-94af-539caa7b4d72, Prometheus , BTC5HDPX 
65241e54-9d1b-4204-8729-000e3e67826d, Prometheus , BTC5HDPX 
652b0e7c-740f-44b0-b935-6cf683a7c781, Prometheus , BTC5HDPX 
654eb4d2-db3d-45ed-a619-68d6b2b5e75c, RECONYX , HC500 HYPERFIRE 
659c1688-d0dc-4da7-b013-36ed27100dc5, Prometheus , BTC5HDPX 
65b90f64-df5f-414f-813e-fa19cac54829, Prometheus , BTC5HDPX 
65cebdca-833f-46ae-bb2e-fd4eb9e77605, RECONYX , HYPERFIRE 2 COVERT 
660e0ca8-00b2-4f5e-a530-a8e8a8fa57f7, Prometheus , BTC5HDPX 
661a9756-1b12-44a7-9160-6dd4c9a55aa5, RECONYX , HC500 HYPERFIRE 
6645738e-474a-4a88-9a9a-4c175561cc2d, RECONYX , HYPERFIRE 2 COVERT 
6654fb73-40f2-4d93-9a4b-5a6231672f71, CUDDEBACK , C1 
66775147-9e90-4e2e-b527-7666504ff5d4, RECONYX , HC500 HYPERFIRE 
667d2e70-2944-4f1a-9a9d-baa8008a89e3, Prometheus , BTC5HDPX 
6698eaee-34b0-4d73-b766-4f37f58bbf31, RECONYX , HYPERFIRE 2 COVERT 
66a47306-fcb7-4d48-9857-793863a2bcb3, RECONYX , HYPERFIRE 2 COVERT 
66f70544-ff0d-4a49-97f6-a1e0d00b90cd, RECONYX , HYPERFIRE 2 COVERT 
672e0ec1-b225-4d9c-9606-6ed05e461d3d, RECONYX , HYPERFIRE 2 COVERT 
67502784-2d85-4a9c-8508-cac79a35b0b6, RECONYX , HC500 HYPERFIRE 
67727f7b-1548-4a01-8384-c7be768a85d6, Prometheus , BTC5HDPX 
68341d22-8819-4ac6-983d-e482a3fa55fc, RECONYX , HYPERFIRE 2 COVERT 
689db5c6-3b4e-4d08-9fd2-944c9ee4cadc, RECONYX , HYPERFIRE 2 COVERT 
68b45675-3d71-4726-b65b-0ea89d89a8ea, Prometheus , BTC5HDPX 
690ba52a-341a-45ba-a328-79ee9c76677e, Prometheus , BTC5HDPX 
690c5375-a235-4d7e-9d6d-032f8c412e77, Prometheus , BTC5HDPX 
69b5e0e0-0fdc-475b-af40-8204f2bd80aa, Prometheus , BTC5HDPX 
69e9e453-ef4b-4922-ac30-73a745b76c90, RECONYX , HC600 HYPERFIRE 
6aa5c379-9ddf-4812-8a5f-81d81c253e78, RECONYX , HC500 HYPERFIRE 
6ae7991e-edac-4ccd-90ad-e26052bf77db, RECONYX , HYPERFIRE 2 COVERT 
6ba4c6aa-c7b5-452e-95fd-3e11869cb053, RECONYX , HYPERFIRE 2 COVERT 
6bf347f9-f3ae-4352-b2c4-41339f1d92a5, Prometheus , BTC5HDPX 
6c6bf7e6-e51c-4d02-b020-abac505c84e8, RECONYX , HC500 HYPERFIRE 
6d311724-d691-4736-bd6a-97759396f031, Prometheus , BTC5HDPX 
6d62522a-87a2-4b2d-8ee3-d61f7346093c, Prometheus , BTC5HDPX 
6db94f77-3aa5-4717-8caf-e4a4bbb05507, RECONYX , HYPERFIRE 2 COVERT 
6de82b3d-0951-4305-a38f-9bc8a870c330, RECONYX , HYPERFIRE 2 COVERT 
6df4e21d-1dac-4cea-adcf-8e0a57d2082f, RECONYX , HC500 HYPERFIRE 
6e3f4846-eaf1-42f5-8d7b-e705f83d2140, RECONYX , HYPERFIRE 2 COVERT 
6fae8399-dad2-40b0-9aa0-b1b65f8f1470, Prometheus , BTC5HDPX 
6fd6c516-a347-429e-bd21-dab090d98160, Prometheus , BTC5HDPX 
700cba63-9e2c-4182-b657-5e679e8406fa, Prometheus , BTC5HDPX 
70307021-d1f3-46ea-97ed-8cf5bb6f441b, Prometheus , BTC5HDPX 
707767bd-f4a8-4f1a-ad9e-9ec175def6f6, Prometheus , BTC5HDPX 
707fbf7a-5c60-4b12-bb4c-fa43e63ba1e5, RECONYX , HYPERFIRE 2 COVERT 
709bf9e1-b2eb-4a28-837c-4b125925a8ee, Prometheus , BTC5HDPX 
70d69b53-f74f-4e84-a581-1fea2034c375, Prometheus , BTC5HDPX 
70e64d58-898e-431a-b6ce-ca5e6de2e91f, CUDDEBACK , C1 
71622c4d-ca24-4b4d-b80d-8462503333db, Prometheus , BTC5HDPX 
7189744f-4f4a-4fee-9be0-f99d5715ee10, RECONYX , HC500 HYPERFIRE 
71d1b540-4324-492c-b6b3-723086383629, Prometheus , BTC5HDPX 
72a162f9-d4a4-49fb-bba8-b66a10782e32, RECONYX , HYPERFIRE 2 COVERT 
733962a3-fa84-46b5-b4fb-eea18a0a664c, RECONYX , HYPERFIRE 2 COVERT 
73751fc1-e37a-4e9d-8270-c750d6391581, Prometheus , BTC5HDPX 
7382e02a-13a8-4c7e-8e59-b83fcf6404bf, CUDDEBACK , E2 
7384e3c8-932a-4b94-9c70-8ee5e82cd6e6, Prometheus , BTC5HDPX 
748d6f99-d7e5-4030-bcd3-e02a91bba4f7, Prometheus , BTC5HDPX 
74dd8375-3c2a-4f3e-a2bc-f3b0bf8852a8, Prometheus , BTC5HDPX 
74eb8ce0-f16e-4bea-9f93-9f116085b738, Prometheus , BTC5HDPX 
74f6bfe4-49cc-4d95-bd92-86c6f3fbe5a7, RECONYX , HC500 HYPERFIRE 
75091e8d-a8ef-4949-be0b-4f03347bf6b9, Prometheus , BTC5HDPX 
7522a878-2301-4eda-93b2-0ef11189f949, RECONYX , HC500 HYPERFIRE 
763ecfd1-035b-49df-8762-16466c9852be, Prometheus , BTC5HDPX 
765cad9b-3dca-41ce-87ee-4d69b2a4e8cd, Prometheus , BTC5HDPX 
76a014cb-c349-4a59-a55b-f564b10296e2, Prometheus , BTC5HDPX 
76c90fa5-b9b5-46da-8e08-4bdb6baf53de, CUDDEBACK , E2 
76ce24aa-c32b-40b8-8f43-b49e2285c599, Prometheus , BTC5HDPX 
7700ee02-110a-4678-bd18-c8c73942e20a, Prometheus , BTC5HDPX 
770859f2-1a7f-42ab-9abf-b032b6f63456, RECONYX , HC600 HYPERFIRE 
77930fb7-150e-469a-9cee-1b0c6c5f892d, Prometheus , BTC5HDPX 
77930fb7-150e-469a-9cee-1b0c6c5f892d,,
7830de19-89bf-4214-979c-1199cfb12c0b, Prometheus , BTC5HDPX 
787ebe54-7d08-411d-a468-a05fb8905c58, Prometheus , BTC5HDPX 
793446a2-c5ac-4e5f-81a4-9e5aa56504f7, RECONYX , HC500 HYPERFIRE 
79b5f785-9c48-4c84-8e0e-cef2db6bdc0d, Prometheus , BTC5HDPX 
79e4a785-9a75-4872-a8ef-4cffa8a8d384, Prometheus , BTC5HDPX 
79fd27a7-2f7c-4a44-9598-80f3c15c73d9, CUDDEBACK , C1 
7a0eb4c8-fc1a-4777-9607-326e7abf13bf, RECONYX , HC500 HYPERFIRE 
7a431273-d61b-4408-96be-55135530aef0, Prometheus , BTC5HDPX 
7ad99030-753f-4cf8-9905-7d49860394a4, RECONYX , HC500 HYPERFIRE 
7ae2aa86-3106-4bd7-aac0-2243a936ed26, RECONYX , HC500 HYPERFIRE 
7ae6d068-b28a-45d3-b608-05534b3316b5, Prometheus , BTC5HDPX 
7b166eb9-c592-4923-8fe5-dc4638bf77fc, Prometheus , BTC5HDPX 
7b4a7180-c487-4823-898c-8a516ccebadd, Prometheus , BTC5HDPX 
7b5aee50-134c-47da-8970-b300003d2f9e, Prometheus , BTC5HDPX 
7b642c16-b138-45ba-bb81-b92a99eeedd7, Prometheus , BTC5HDPX 
7bbfaeb6-1cc9-4da1-9b06-a2de00842956, Prometheus , BTC5HDPX 
7c16c3c9-70b0-4ad5-9cda-aedb4e6927da, CUDDEBACK , E2 
7c5bd22a-87ff-4ed8-8bbf-0a4b4267fae1, Prometheus , BTC5HDPX 
7c5d789d-f033-4269-b829-dededae0250a, Prometheus , BTC5HDPX 
7d4ca075-be79-4800-bbf5-aa04dd3c2bb6, RECONYX , HC500 HYPERFIRE 
7e4fbb4e-8119-4d12-a2f7-b15062639646, RECONYX , HC500 HYPERFIRE 
7e81fcca-d773-4b1a-8e08-84d71606d4c7, RECONYX , HC500 HYPERFIRE 
7e837293-f5f1-4349-bd57-b3c8f453966e, RECONYX , HYPERFIRE 2 COVERT 
7f009b90-35c6-40a0-bc4b-bd62a238afc1, RECONYX , HC500 HYPERFIRE 
7f594fc8-82a0-426c-a72d-1d5a0ff3fabe, RECONYX , HC500 HYPERFIRE 
7f7942bb-d512-4925-86c7-6fd95f147cc0, Prometheus , BTC5HDPX 
7f830aab-6805-4c0e-aa71-36db78719882, Prometheus , BTC5HDPX 
7f865ac2-cc4f-4c4d-a6c4-84c74ef56bda, Prometheus , BTC5HDPX 
806aacad-ff45-4a87-b50e-d662f667512a, CUDDEBACK , C1 
80bb7aef-7806-4b23-851b-421bebd888ca, RECONYX , HYPERFIRE 2 COVERT 
81323ea4-9dc4-4392-8392-98fccc8ab918, RECONYX , HYPERFIRE 2 COVERT 
8167a802-8023-4a31-b7be-0f1df7a3d230, Prometheus , BTC5HDPX 
81bacb13-ccfc-4133-89f7-b1cbbff95333, Prometheus , BTC5HDPX 
8223bc33-f651-4307-ae01-690519a672ca, Prometheus , BTC5HDPX 
82c4cc55-153f-4a8b-a7de-b46e7c79373f, Prometheus , BTC5HDPX 
8374a37a-c86d-4b48-9823-a5b7f2528e95, Prometheus , BTC5HDPX 
839c5b6d-78c2-4710-8359-55f591544948, RECONYX , HYPERFIRE 2 COVERT 
83b02986-d3d7-4aac-8504-cc0684ca7e07, RECONYX , HYPERFIRE 2 COVERT 
83bf12c1-b86c-4c46-8bfa-f8ac9c4ee5d0, Prometheus , BTC5HDPX 
83cd0fd5-b068-4044-88d0-e15d48a1e6ea, Prometheus , BTC5HDPX 
83e8c0e4-38d8-4d05-b063-614156547ca2, Prometheus , BTC5HDPX 
8410720f-8b79-46c4-b0dc-819078990714, RECONYX , HYPERFIRE 2 COVERT 
843e4ab5-f253-40a0-8709-6c0fc0f8669a, RECONYX , HC500 HYPERFIRE 
844253cd-5a4b-4d9b-9ad2-5cd74d51b8ec, CUDDEBACK , C1 
8477c6d8-d89e-42dc-ac65-122015d91c92, Prometheus , BTC5HDPX 
8486a0fa-7f23-4573-a236-f057f9d43950, RECONYX , HC500 HYPERFIRE 
853a6704-2260-49af-8fdd-fc7b57039bd4, Prometheus , BTC5HDPX 
855a6e51-6d3f-46c9-beec-709b907e955d, RECONYX , HC500 HYPERFIRE 
855dc0d7-52c7-43d8-9ebe-442038e0b86c, RECONYX , HC500 HYPERFIRE 
8588aefe-abe1-4473-bd7d-25a22958f80a, RECONYX , HC500 HYPERFIRE 
85bff062-1dec-475c-a1d1-3474bae1ff70, Prometheus , BTC5HDPX 
85f7a57b-ca4f-4534-934d-454580d35aa3, Prometheus , BTC5HDPX 
8671bef4-3e87-42ae-ac90-2c54da0177dc, RECONYX , HC500 HYPERFIRE 
869bcfc3-69e4-480e-a391-e58270fb8e32, RECONYX , HYPERFIRE 2 COVERT 
86e54b7e-2ae6-48f2-aefd-4b15a7e410e2, Prometheus , BTC5HDPX 
870a48b8-8f7f-40dc-a17b-a5fb8bc5cbb6, Prometheus , BTC5HDPX 
871d6848-8b58-488b-a2d7-6073405a7e50, Prometheus , BTC5HDPX 
87300968-1e54-4605-834d-ea4919cc3520, Prometheus , BTC5HDPX 
875b2ca5-6570-4913-a029-e8d053b5a258, RECONYX , HC500 HYPERFIRE 
87d4a79d-01bb-4b58-a519-6281614206a9, Prometheus , BTC5HDPX 
87e3a863-b501-41fe-980d-bd5de99f03eb, Prometheus , BTC5HDPX 
87eca198-c12f-4b9b-9204-3a20d5545a4e, Prometheus , BTC5HDPX 
8807786a-d05d-46d9-a4cd-118a358fa68b, Prometheus , BTC5HDPX 
88115d46-0fc8-4503-9865-e0893c71deeb, Prometheus , BTC5HDPX 
88189f95-eff8-4a3e-b2c5-a0ad1eb9af16, RECONYX , HC600 HYPERFIRE 
884320aa-d95c-4e6a-b234-c6d39d72a7c9, Prometheus , BTC5HDPX 
885393cb-cd91-4eb3-b3ef-51bbdc7c6bba, RECONYX , HYPERFIRE 2 COVERT 
8859902c-7da2-41e9-8e7c-4b3ae223c74f, Prometheus , BTC5HDPX 
88866c07-f970-423b-bdd8-78e0918ce605, Prometheus , BTC5HDPX 
88ef112d-1dbb-4794-937a-7f87add4413c, Prometheus , BTC5HDPX 
891d0be9-4db9-4d10-a297-52eb45a5bb9a, RECONYX , HC500 HYPERFIRE 
894d6edf-c698-4d97-adda-f73240f18b15, RECONYX , HC500 HYPERFIRE 
895d6cb6-59be-455c-b0e6-e7018b32a779, Prometheus , BTC5HDPX 
8a92614c-9646-4891-87ea-1be829493ee3, CUDDEBACK , C1 
8ab4da67-347a-41e9-a38f-b35d123c9b5d, Prometheus , BTC5HDPX 
8b6c2811-df6c-4c15-8d77-89e3c349aaf0, RECONYX , HYPERFIRE 2 COVERT 
8b6f4392-f39f-47cb-9c4e-87f70b60b650, RECONYX , HYPERFIRE 2 COVERT 
8b9ca373-4964-41f0-91bb-c0a7d2069f05, RECONYX , HYPERFIRE 2 COVERT 
8c99b914-1495-47b7-812b-85a1f9fd6c3f, RECONYX , HC500 HYPERFIRE 
8cb19dd0-599f-40e9-a1af-eaa702f07b3b, RECONYX , HYPERFIRE 2 COVERT 
8cb4fd94-3acf-4cf9-b593-45e753b190f9, Prometheus , BTC5HDPX 
8cedb36e-d472-434c-9778-9661c974ce57, RECONYX , HC500 HYPERFIRE 
8cfa982d-aa45-423a-85ef-28130a185d63, RECONYX , HC500 HYPERFIRE 
8d37324d-6ee2-47fc-b5cc-86a9025b1d12, Prometheus , BTC5HDPX 
8d3bc03b-c747-4335-a253-28d4c27c32bf, Prometheus , BTC5HDPX 
8d46f161-9b54-475a-baa8-e02f9c2899a1, Prometheus , BTC5HDPX 
8d4a3ff7-4c14-43c5-9ef4-076ff11f35ae, Prometheus , BTC5HDPX 
8d9f22ea-9bc4-4a94-a1a4-0aff6904ee69, Prometheus , BTC5HDPX 
8de6f9c6-f43a-401e-b334-b6799c82167a, RECONYX , HYPERFIRE 2 COVERT 
8e086316-8b98-4a72-a903-b2c8530c87d5, Prometheus , BTC5HDPX 
8f0c92c2-6ce2-47bc-b97e-12bad35007c4, CUDDEBACK , E2 
8f31eaae-3f1c-4f4e-b78a-facfb9680a33, Prometheus , BTC5HDPX 
8f397e30-4b13-489b-83f3-e3bc4a7562b7, RECONYX , HYPERFIRE 2 COVERT 
8f41a1ec-3215-4acc-9339-cef46157923e, Prometheus , BTC5HDPX 
8f578c19-9ec9-4c26-9a7c-e23ca01d31ac, Prometheus , BTC5HDPX 
8fcd819d-415a-420f-aa69-c89430e3bdf5, Prometheus , BTC5HDPX 
8fe5e9fb-7ff5-42b2-b6f4-fcbe073b664d, Prometheus , BTC5HDPX 
8fe5e9fb-7ff5-42b2-b6f4-fcbe073b664d,,
9015c727-a74f-4aeb-8eff-e72f6f955b5a, Prometheus , BTC5HDPX 
908eeed9-e7ed-401c-8438-1bca43fa154f, RECONYX , HYPERFIRE 2 COVERT 
910a0d02-d763-4ebd-a81c-c727b1ba3e49, Prometheus , BTC5HDPX 
910fd089-090d-47fb-bf16-c89fb2540992, RECONYX , HC500 HYPERFIRE 
9129bfa0-ef42-495d-b482-f1df87fe5458, Prometheus , BTC5HDPX 
91496331-ec20-4554-9d73-88c90ad19b5e, Prometheus , BTC5HDPX 
9151a753-5f4b-479f-a40a-52c1330ef174, Prometheus , BTC5HDPX 
91547ad4-0a72-4c9e-86db-7572269a4a55, Prometheus , BTC5HDPX 
9199eb3c-2620-4f9d-b833-0009bf01ffb3, RECONYX , HC500 HYPERFIRE 
91b2873d-b0d6-4335-b0f6-c47aba6a9f70, Prometheus , BTC5HDPX 
91ca9624-f584-4de5-b985-e56c82761c4d, Prometheus , BTC5HDPX 
91f9a67f-fffe-4b9a-a472-14dee7d580de, CUDDEBACK , C1 
924515e2-c25f-4f77-a793-895a78def5da, Prometheus , BTC5HDPX 
93050d71-1f9a-4f8d-b759-9d1217b743ab, Prometheus , BTC5HDPX 
9329177f-76c7-44b0-b3e0-f952bfb72b8a, RECONYX , HYPERFIRE 2 COVERT 
9366a294-ded3-4236-8346-3c5167d15c51, RECONYX , HYPERFIRE 2 COVERT 
945d1da3-4cfd-4345-b854-5b3373525800, RECONYX , HYPERFIRE 2 COVERT 
94d3085c-9e83-4ee4-b667-897813360974, Prometheus , BTC5HDPX 
9580075d-fe3a-4498-a738-0bd812bede19, RECONYX , HC500 HYPERFIRE 
9592faf6-949c-4574-8ce8-62cca841a8f6, RECONYX , HC500 HYPERFIRE 
967fe1be-0770-4b99-bed4-834bfaf78db4, Prometheus , BTC5HDPX 
96bd2d42-6c7f-4885-9adb-15ffb9670455, RECONYX , HC500 HYPERFIRE 
9711822e-cbae-4fcc-84f5-e19b0df75f93, Prometheus , BTC5HDPX 
971b290b-d07f-4b26-893e-d43dd9ddbd57, RECONYX , HYPERFIRE 2 COVERT 
97cb695c-f530-47e4-8ace-e5bba8128928, Prometheus , BTC5HDPX 
97e1be6d-08ea-4f0b-a0bb-7d6145cbfcba, RECONYX , HYPERFIRE 2 COVERT 
97e93f77-19bd-4ad1-93db-98c1f81aaf55, Prometheus , BTC5HDPX 
982172f0-c271-47fc-909e-11d5f70da701, RECONYX , HC600 HYPERFIRE 
9828d105-9e19-45e3-b21d-203ce6789a14, Prometheus , BTC5HDPX 
98488a06-fc6d-4390-ad29-bd9afe077fd2, Prometheus , BTC5HDPX 
98599872-cfb3-400c-a9af-13b73bd5af1a, RECONYX , HYPERFIRE 2 COVERT 
9860ac66-3fcf-4788-828a-5bd214d5b580, Prometheus , BTC5HDPX 
9860ac66-3fcf-4788-828a-5bd214d5b580,,
98627850-5f06-4039-8768-d96b742aedb5, RECONYX , HYPERFIRE 2 COVERT 
98bec3c4-ae6c-4bd3-8dea-479e00c306d1, Prometheus , BTC5HDPX 
98de49cb-21e9-42b1-937d-e3b74df08700, Prometheus , BTC5HDPX 
98e646ca-4947-4f7b-b052-5e05e4a96d7e, Prometheus , BTC5HDPX 
98fb8bf7-cb16-4152-ad86-f1088775ebcc, CUDDEBACK , E2 
9900ddc2-d7ca-4ae9-9743-eee864421bd7, RECONYX , HC500 HYPERFIRE 
9911340d-dc67-49bd-9717-3cbbc8b1f043, Prometheus , BTC5HDPX 
9a312387-49eb-475b-93e5-cb1a3f9726e3, RECONYX , HYPERFIRE 2 COVERT 
9a4d1f69-696d-4685-88ab-68d8bece40d1, RECONYX , HYPERFIRE 2 COVERT 
9a93c59c-3689-4da6-ab9d-af4dc97b96f8, RECONYX , HYPERFIRE 2 COVERT 
9b5ca3b2-f63d-4b7e-a88c-2c70ad68f64f, Prometheus , BTC5HDPX 
9b79ac4b-dd9e-4124-8115-fd495eaff9a7, RECONYX , HC500 HYPERFIRE 
9b85d5f5-1e8c-4407-8880-bddddd015a5b, Prometheus , BTC5HDPX 
9b8a0310-a56d-41b8-a9de-a9e5c64e2929, Prometheus , BTC5HDPX 
9ba546b2-25d7-45ce-9cff-200336e7f7dc, Prometheus , BTC5HDPX 
9c146edd-4ecf-43f8-a7d5-eed41389f1f7, Prometheus , BTC5HDPX 
9c41ffcc-a533-4217-ae7d-323af07a0075, Prometheus , BTC5HDPX 
9c7b658d-40f5-43fc-bf3c-01a606371733, Prometheus , BTC5HDPX 
9cbf356d-0211-4107-9d7f-cf8d8a67e2e6, RECONYX , HYPERFIRE 2 COVERT 
9cec6c00-285c-4adb-8b79-16a3eb139535, Prometheus , BTC5HDPX 
9d0a1c9f-e126-4d1b-9ac6-8ed5003ab926, Prometheus , BTC5HDPX 
9da7232f-c08b-4c8d-9e48-ddd54b0275e3, Prometheus , BTC5HDPX 
9dc6b24d-e607-4396-bd75-5b6a8c7f9e8e, RECONYX , HYPERFIRE 2 COVERT 
9ed6cdb4-8366-4b28-8ae9-e59ce4859e02, RECONYX , HC500 HYPERFIRE 
9eff521b-131c-4fec-955a-bda2a9cd7a0d, RECONYX , HYPERFIRE 2 COVERT 
9f18d783-a4d0-4a9b-a696-c3eab9525ffe, Prometheus , BTC5HDPX 
9fb94857-aaaf-44a6-904b-c09f3e6a0aaa, Prometheus , BTC5HDPX 
a04aed7f-3d6d-434c-8d84-9805ddfa0e57, RECONYX , HC500 HYPERFIRE 
a0937ba0-b040-427c-b91e-b3fdd6dfdab2, RECONYX , HC500 HYPERFIRE 
a0bdc65d-c20f-44bb-81fb-e15f517712ab, Prometheus , BTC5HDPX 
a0f8348d-fedb-49e5-9b95-4c6b543b85ef, RECONYX , HC500 HYPERFIRE 
a1158b15-46a0-48b9-bd29-9bdb7f5c4280, RECONYX , HC500 HYPERFIRE 
a1414c6e-6a31-4b33-a382-b2bf9f67e2cb, Prometheus , BTC5HDPX 
a17bcb86-b25d-4f49-8526-bcec40331999, Prometheus , BTC5HDPX 
a1b378c4-6218-4395-b204-d824e6ea2170, RECONYX , HYPERFIRE 2 COVERT 
a1cb1ec1-97d8-4d92-a04a-a2018d80f6f8, Prometheus , BTC5HDPX 
a2381221-5044-46de-a5ea-34c51a6c4ed0, Prometheus , BTC5HDPX 
a23fc7b2-0396-45a8-9407-c7108af15238, RECONYX , HC600 HYPERFIRE 
a265701f-3b1b-4fea-b3c5-c812dde16d73, Prometheus , BTC5HDPX 
a2e56b67-5b61-4870-8aa8-d705298621bc, RECONYX , HYPERFIRE 2 COVERT 
a2fec07f-d0fc-4e8f-b589-23b3f54aa59e, Prometheus , BTC5HDPX 
a33202a3-6cd5-4b04-93fe-7ad44c202ae0, RECONYX , HYPERFIRE 2 COVERT 
a355d3bf-3509-431a-83e6-164e4d99c4a2, Prometheus , BTC5HDPX 
a365070a-c778-487d-8188-f8d2535281d1, Prometheus , BTC5HDPX 
a36caf87-7bc0-4e53-9fe5-03ae7669c991, RECONYX , HC500 HYPERFIRE 
a3e85a5c-393a-4cc6-b0e5-47fed340640f, Prometheus , BTC5HDPX 
a3f430ac-e04e-48d7-8ef3-370315512e35, Prometheus , BTC5HDPX 
a4d827ec-f042-4d86-af0a-d125357a44be, RECONYX , HYPERFIRE 2 COVERT 
a5019591-5a54-4e05-baac-d4042b15b77e, Prometheus , BTC5HDPX 
a52bc26e-1b0c-426d-9f46-fa1a094d02ad, RECONYX , HC500 HYPERFIRE 
a537d9b5-9793-4cdd-894d-5fac68ac6f10, Prometheus , BTC5HDPX 
a60159e8-b354-4dae-b896-afb480d935ba, Prometheus , BTC5HDPX 
a610316c-2441-46fc-94b2-12088918db80, Prometheus , BTC5HDPX 
a670513c-192b-42e4-be86-dfad667dba0a, Prometheus , BTC5HDPX 
a68206b3-093d-4be5-851b-57a992fa25f0, Prometheus , BTC5HDPX 
a6829d03-6757-4bbf-8406-c2095caa3e36, RECONYX , HYPERFIRE 2 COVERT 
a6cd25b3-09f9-4259-a6d5-9d3c666d47c7, Prometheus , BTC5HDPX 
a6de2725-4341-4166-a3aa-d5745d5824f6, RECONYX , HYPERFIRE 2 COVERT 
a7187a25-6e12-4710-964f-49cff1b89cbf, RECONYX , HC500 HYPERFIRE 
a7600559-4ffc-4975-b4a6-ea5e7075e620, Prometheus , BTC5HDPX 
a761f89a-2599-4d79-865a-bfa654380ba5, RECONYX , HC600 HYPERFIRE 
a7726ebd-c809-46ad-ab82-ee74b6ae9d98, Prometheus , BTC5HDPX 
a77355a0-f724-4893-b368-425c52f76b36, Prometheus , BTC5HDPX 
a7a9696d-10d4-4a72-b093-f835d53a5a42, Prometheus , BTC5HDPX 
a82d2eef-1427-4bc8-9c1a-cc3de28e3f8a, Prometheus , BTC5HDPX 
a847dc9d-2ca8-4b2b-8f39-05e408d2aef0, Prometheus , BTC5HDPX 
a8a499b4-7114-4ebd-83d0-acf7ef2b8743, CUDDEBACK , E2 
a8c08d14-af01-4fd8-a4a1-f4a7e685b86e, Prometheus , BTC5HDPX 
a90c986e-904f-43fe-bf73-de7f5a957899, Prometheus , BTC5HDPX 
a92ed3b2-ebca-45cd-bc87-440f79e8612d, Prometheus , BTC5HDPX 
a96f5eab-69c8-490e-8d4d-309b35733ec2, Prometheus , BTC5HDPX 
a9c67c9d-c86b-4f93-981d-122e276edad4, RECONYX , HYPERFIRE 2 COVERT 
a9e02f17-2bb1-453b-80fa-a09a5e80b033, RECONYX , HYPERFIRE 2 COVERT 
aa05fb94-40c4-4feb-9585-c353cc74388a, Prometheus , BTC5HDPX 
aa1d3bbd-c218-408b-8cbe-6026f134cb22, Prometheus , BTC5HDPX 
ab4f8616-e968-47c2-b364-add18cd9b109, RECONYX , HC500 HYPERFIRE 
ab7d0326-284c-4cb9-8828-44a36efca03c, Prometheus , BTC5HDPX 
ac143676-368a-49a6-b813-9137d30d847f, Prometheus , BTC5HDPX 
ac2e7477-0de9-4c02-a32a-2be77fc36225, Prometheus , BTC5HDPX 
ac5eb0f5-6522-4f3d-af0e-753eb07f36f1, Prometheus , BTC5HDPX 
acad03ac-edae-439f-8d8b-84c8aed48539, Prometheus , BTC5HDPX 
acf52ef9-79f1-40e6-89b9-00587f3440c4, Prometheus , BTC5HDPX 
ad76d297-8a13-40cd-9a17-0b988f1fe307, RECONYX , HC500 HYPERFIRE 
ae0797f3-f0ee-49a0-9484-ae371c3d6584, Prometheus , BTC5HDPX 
ae3ea9bb-b746-4c3b-9212-b19fe12c7fc4, Prometheus , BTC5HDPX 
ae654e24-c5f7-46f8-83be-759f7e5d4394, RECONYX , HYPERFIRE 2 COVERT 
ae87e22a-f0da-4791-9e26-0d53b6184a77, Prometheus , BTC5HDPX 
ae9ed7c7-519f-4195-9d36-14e974dd6649, RECONYX , HYPERFIRE 2 COVERT 
aeaededc-8084-4606-9468-3ed40015aaef, RECONYX , HC500 HYPERFIRE 
aec1a5c0-1a58-4889-bb98-faaf5675e9ce, RECONYX , HC500 HYPERFIRE 
aed00565-e69d-4ad5-9dd6-2c9db25171fa, CUDDEBACK , C1 
af32b459-8bd9-4e02-9241-e3bb778cff55, Prometheus , BTC5HDPX 
af54a8ac-9f7d-46a2-a11f-b620c028affe, Prometheus , BTC5HDPX 
afd90ceb-0ca3-4f0f-ac28-91c8b6ade009, Prometheus , BTC5HDPX 
aff46f42-9ad8-40d9-843f-046b94a3f4b3, Prometheus , BTC5HDPX 
b001c793-5aee-4d25-becc-d9c651981e57, Prometheus , BTC5HDPX 
b00be4b7-0be0-4a3f-a4c4-7e8e97efb3b0, Prometheus , BTC5HDPX 
b03245d9-e0b0-48f0-8971-b5ab58feacdb, RECONYX , HC500 HYPERFIRE 
b0360cfc-d516-47f7-8e63-36283049bc90, Prometheus , BTC5HDPX 
b03b066e-a876-4562-b280-d929a7d507c6, Prometheus , BTC5HDPX 
b0fb51f8-dd28-4d94-a6a5-918a1710d6d4, CUDDEBACK , E2 
b1401cab-6fc2-46b1-a3c2-a6496f72d7d0, RECONYX , HYPERFIRE 2 COVERT 
b167f3e8-53ee-4081-a386-b2d0d222b411, CUDDEBACK , E2 
b1727d45-d03b-4602-935c-cadec19735e6, Prometheus , BTC5HDPX 
b184abdb-8c8d-480f-b066-fb8020930286, RECONYX , HYPERFIRE 2 COVERT 
b20c4888-a8fc-4449-849b-1a4d6ae0a49d, RECONYX , HC500 HYPERFIRE 
b216256c-eb49-46e5-9f3e-ffd1ab92b809, RECONYX , HYPERFIRE 2 COVERT 
b234b0fd-3320-43e0-97c7-b984b4a1ac2c, Prometheus , BTC5HDPX 
b235ed5b-3644-4fd2-865c-da1930df3e94, RECONYX , HC600 HYPERFIRE 
b2669bf9-c1af-4e3f-88d3-c6d336aba17f, Prometheus , BTC5HDPX 
b2991b8f-615c-46bb-be47-87ae711ca79a, Prometheus , BTC5HDPX 
b2b06f05-d8b6-440b-b291-0cd21f5e7661, Prometheus , BTC5HDPX 
b3388c01-f82e-4ee4-a9bb-7b7dc1cde7af, Prometheus , BTC5HDPX 
b37a5fe6-bc1c-4444-a32c-5a1e9fa0583e, Prometheus , BTC5HDPX 
b38f4bd9-4d4f-4c1c-87b7-2fffa71302ce, RECONYX , HC600 HYPERFIRE 
b3923498-d822-4bac-96d7-e539d14f8c4d, RECONYX , HYPERFIRE 2 COVERT 
b39bd40b-7cf0-477e-bc72-ec4831b216d2, Prometheus , BTC5HDPX 
b3e85685-b964-4810-9ec6-a6a42f90c307, RECONYX , HC500 HYPERFIRE 
b469a243-b67b-4119-a721-af6eda7645a6, RECONYX , HC500 HYPERFIRE 
b4778619-7c46-4968-8e2c-58c1ab3e922b, RECONYX , HYPERFIRE 2 COVERT 
b4a84f42-40d9-49c6-805a-06a2415cc4fb, Prometheus , BTC5HDPX 
b4b915ca-fd98-4ef1-8cb9-995aa8125fb1, RECONYX , HYPERFIRE 2 COVERT 
b4bb7fb8-db00-4929-919b-37217285ac4a, Prometheus , BTC5HDPX 
b531b150-8062-44b5-8814-98f05c2b72cd, RECONYX , HC500 HYPERFIRE 
b53e6bbe-299a-4254-8be9-29c20d8acf65, RECONYX , HYPERFIRE 2 COVERT 
b53e6bbe-299a-4254-8be9-29c20d8acf65,,
b547754e-4fc3-446a-b00b-c1cea4f577d9, Prometheus , BTC5HDPX 
b58f067c-d3ae-4b04-bdac-d3e09fe82f51, Prometheus , BTC5HDPX 
b5b67c3c-a75c-4fda-9664-b452ad1d7708, RECONYX , HC500 HYPERFIRE 
b5c10df7-6269-4940-a6e3-42ad2e5edf63, CUDDEBACK , E2 
b5c67a9c-9c8a-438b-8c98-be32c628c9e4, Prometheus , BTC5HDPX 
b5d62ae4-002b-4548-878c-bc0417a8d43e, Prometheus , BTC5HDPX 
b6f7f26f-8acd-495b-9ea8-3998ee68cb5d, Prometheus , BTC5HDPX 
b744d7a5-ce66-472f-b7eb-925cfe338ae2, Prometheus , BTC5HDPX 
b7788a78-1710-4d79-839e-0e76b0136d70, RECONYX , HC500 HYPERFIRE 
b7c1c288-e6af-4c44-a03c-61f0c2d234a6, Prometheus , BTC5HDPX 
b7e61ac2-1448-412a-b45b-6d6f8e162e22, Prometheus , BTC5HDPX 
b8441e53-1ce5-4561-8b23-d57ccb09a2bc, Prometheus , BTC5HDPX 
b897192a-cc53-487e-8ebd-b33dca4d8206, Prometheus , BTC5HDPX 
b899cb36-3c5f-40dc-b2b1-044631ddaace, Prometheus , BTC5HDPX 
b8c1720b-e71e-477f-9355-7d9ba7b564ea, Prometheus , BTC5HDPX 
ba01f1cc-5992-4f5a-8277-8512a9a0809f, RECONYX , HC500 HYPERFIRE 
ba27ccb7-6482-4fdc-af38-0574afe8e616, Prometheus , BTC5HDPX 
ba89ccb6-5add-4d89-8008-4b1d8deba45f, Prometheus , BTC5HDPX 
baa16cc8-1042-4262-920b-79f9fba6d038, RECONYX , HC500 HYPERFIRE 
baa84191-ae6c-43f6-af37-23f925df1fb7, Prometheus , BTC5HDPX 
bae59226-1bfc-4776-9327-0fff3d4c06ec, Prometheus , BTC5HDPX 
bb090b5b-1f3b-4631-960a-c9eb89029f18, RECONYX , HYPERFIRE 2 COVERT 
bb4652af-6aab-4428-a482-6fced5d422ea, Prometheus , BTC5HDPX 
bb4ee794-f4c7-4e9a-a586-387eb8973240, Prometheus , BTC5HDPX 
bb54ca9e-9c36-4a9a-92fa-9188cbeed30e, Prometheus , BTC5HDPX 
bb6b5eb5-a88b-49f0-9da5-f0826ad2da01, Prometheus , BTC5HDPX 
bb9bced6-bdf2-4b38-ab1e-37f33565fc9b, Prometheus , BTC5HDPX 
bbb7082a-da0c-4e7a-9132-b63b11546959, Prometheus , BTC5HDPX 
bbc4a3f9-8f50-4412-a8c2-164f788aee1e, RECONYX , HC500 HYPERFIRE 
bc1b3c57-205a-44fc-86d9-e0a7b6fe6ed6, Prometheus , BTC5HDPX 
bc73a28b-6bb3-43ab-ad4f-8b6c456df185, Prometheus , BTC5HDPX 
bc823064-3fe1-4d29-ae65-8f3a980e7d88, RECONYX , HC500 HYPERFIRE 
bcb6763b-c801-4e16-9ec0-af17c9c6792f, RECONYX , HC500 HYPERFIRE 
bcd84742-516e-4cad-9f12-7a746eb5204f, Prometheus , BTC5HDPX 
bd248516-b9f9-47f4-b4aa-c566fa0851ba, Prometheus , BTC5HDPX 
bd2c3f32-0cfe-4092-98a3-d4c2d3820810, Prometheus , BTC5HDPX 
bd9b6710-52c4-4edf-9667-f2e9062a748f, RECONYX , HC500 HYPERFIRE 
bddcc388-fbfc-4f65-b477-453d23448eaa, RECONYX , HC500 HYPERFIRE 
be109e1d-b974-435e-9866-d89996c64b75, Prometheus , BTC5HDPX 
be4a7b6b-6c7c-4803-9976-3a6bcf159acd, Prometheus , BTC5HDPX 
bebf702c-8687-4adf-a0c2-d60812d26247, RECONYX , HYPERFIRE 2 COVERT 
bf7c5655-1565-4262-ab81-6f16e0247040, RECONYX , HC500 HYPERFIRE 
bfb67d96-2373-41ab-bc3f-bad2f0801cd9, RECONYX , HYPERFIRE 2 COVERT 
bfcde868-e69e-4271-aa9c-dff88c55c569, RECONYX , HC500 HYPERFIRE 
bfcefd88-175b-41ab-b44b-c43c16f302cb, Prometheus , BTC5HDPX 
c0261cc9-54e4-4a93-bd07-71834a679b32, RECONYX , HC500 HYPERFIRE 
c0b6706b-318a-46c7-b9d8-041d8977456f, Prometheus , BTC5HDPX 
c124a922-6476-4c15-afb6-58cea9583aa6, Prometheus , BTC5HDPX 
c156332e-5ee3-4d41-bbd4-0228c6fe321c, Prometheus , BTC5HDPX 
c189d64f-5c35-4cf8-8b2c-a2e40aff5a93, RECONYX , HC500 HYPERFIRE 
c1ee45e6-03c8-4d56-bea7-43da41aa7f67, Prometheus , BTC5HDPX 
c215894a-9f49-4fa8-9a17-29c7689bcd50, Prometheus , BTC5HDPX 
c23072bd-3008-4293-b975-dbf509840b69, Prometheus , BTC5HDPX 
c260bf0b-b476-4db3-9c5e-dec933ccbdaa, Prometheus , BTC5HDPX 
c3198dcf-b6f6-44ce-a3c0-e14cf7985e90, Prometheus , BTC5HDPX 
c3268547-6342-4b71-b639-4e325155cbc8, RECONYX , HC500 HYPERFIRE 
c3865cc5-e49c-485c-b002-45b3ce335fdf, Prometheus , BTC5HDPX 
c4246203-51cf-4c1f-9465-e9a1ff37f7f1, RECONYX , HYPERFIRE 2 COVERT 
c42c742b-b554-4402-8439-c7913aefea45, RECONYX , HC500 HYPERFIRE 
c49c756e-b5e9-41d6-8779-99ce09bd3d34, Prometheus , BTC5HDPX 
c4a55965-fe33-41f1-93df-d57c672a8902, Prometheus , BTC5HDPX 
c4a7f4f3-ed44-46dd-9711-7a4442929e9e, Prometheus , BTC5HDPX 
c4d17d73-a30d-4395-96ac-73d7d5b50964, Prometheus , BTC5HDPX 
c4fd92bf-ad6c-4619-acda-fae2bba0d793, Prometheus , BTC5HDPX 
c5396370-6d03-4f49-9bd4-79757ce23691, RECONYX , HYPERFIRE 2 COVERT 
c53faa86-59d3-468b-9b98-1d00556e1b5e, Prometheus , BTC5HDPX 
c540e445-8975-4d02-b0b1-83b4272cbfe1, Prometheus , BTC5HDPX 
c55f8ebc-fd29-46be-835d-acbb06899601, RECONYX , HYPERFIRE 2 COVERT 
c573b54d-1847-497f-9db1-4241a959de17, RECONYX , HC500 HYPERFIRE 
c5c6ddee-7d59-44fa-9079-eaf6837897a5, RECONYX , HYPERFIRE 2 COVERT 
c5e7c2cc-baeb-4fdb-adac-e15c2a7157bd, Prometheus , BTC5HDPX 
c5ea5df6-8c1e-4c56-a236-d1dfc29bfe96, RECONYX , HYPERFIRE 2 COVERT 
c5f97185-1bbd-4129-8700-643cf3c53f21, Prometheus , BTC5HDPX 
c64ab6cc-6ab1-45b9-8c96-87b095c05b1e, RECONYX , HYPERFIRE 2 COVERT 
c74c4bcf-220d-49f8-b8cd-74fbfaed1e28, Prometheus , BTC5HDPX 
c7559d08-e619-4914-bba7-835ae008ebb4, Prometheus , BTC5HDPX 
c7b9693a-8814-49ac-9d7a-c2b4bd379ca7, Prometheus , BTC5HDPX 
c7f6e8e2-db69-47a0-877e-83fa3aa5e647, Prometheus , BTC5HDPX 
c8000737-d9bc-49f3-9a96-7153afb59344, RECONYX , HC500 HYPERFIRE 
c8ca7a33-6669-4142-a500-e26db0248586, Prometheus , BTC5HDPX 
c8dd953a-5d0d-46bd-8ccb-fecc2dada634, Prometheus , BTC5HDPX 
c9098297-6b31-42e8-9328-f9c34681ba7b, Prometheus , BTC5HDPX 
c9565f12-184b-452f-aa69-cfd3f1604f63, RECONYX , HC500 HYPERFIRE 
c95dae94-e4db-405a-b06c-9038517d76b9, Prometheus , BTC5HDPX 
c9700e8c-d089-4b51-98a1-85035b88e4f7, Prometheus , BTC5HDPX 
c97159d3-d4e4-40a8-88c6-646815fe0c56, CUDDEBACK , C1 
ca9b795d-fce7-44a3-b838-9678eeb51231, Prometheus , BTC5HDPX 
caa98987-8631-4d18-af55-0e82ef29283a, RECONYX , HC500 HYPERFIRE 
cab265a3-35b7-49c4-b3bc-7c5e4fa92efb, RECONYX , HC500 HYPERFIRE 
caddc315-3070-41f0-bedf-e35e8147526f, Prometheus , BTC5HDPX 
caddc919-5227-4db4-9790-b97de8df8415, RECONYX , HYPERFIRE 2 COVERT 
cb00d22a-1d9a-432c-b607-7b357a7c16f9, Prometheus , BTC5HDPX 
cb52d96a-5595-4e0a-9460-80bb19de09d0, RECONYX , HC500 HYPERFIRE 
cb665372-755f-429b-a8be-f4fa6555cebf, RECONYX , HC500 HYPERFIRE 
cbfb15a2-699f-4ccd-9421-610002266f9e, RECONYX , HC500 HYPERFIRE 
cd3524ca-55bc-443e-a56e-52ea7cc37114, RECONYX , HYPERFIRE 2 COVERT 
cd39cbe2-f3f1-4dc2-a718-7168f39f5b88, RECONYX , HC500 HYPERFIRE 
cd684c9f-432a-4512-8314-28e7fe895853, RECONYX , HC500 HYPERFIRE 
cdbce978-b11e-4c5c-9930-71e126bb9f3a, Prometheus , BTC5HDPX 
ce30e787-6cf4-48ba-be8b-bb1b9f8fc82a, Prometheus , BTC5HDPX 
ce405fa7-4393-45fc-8c3d-1eedab220743, RECONYX , HYPERFIRE 2 COVERT 
ce841294-0dac-467d-b3c6-2d385d3daf26, RECONYX , HC500 HYPERFIRE 
ceaa71d5-e6df-41c5-99ba-632605e35d73, RECONYX , HC500 HYPERFIRE 
ceb2a570-5fcc-428d-96b1-37ff87108e62, RECONYX , HYPERFIRE 2 COVERT 
cf23c882-5238-4024-8999-30749985aab9, CUDDEBACK , E2 
cf83106e-db3b-4f89-b463-2fbf15100456, RECONYX , HYPERFIRE 2 COVERT 
cf8dfdd7-5ef5-425a-865c-48544d58b3fc, Prometheus , BTC5HDPX 
d0143f09-45bd-413f-ad27-5b631d665df0, Prometheus , BTC5HDPX 
d06dfee5-a9f7-4892-acce-21d879d106a1, RECONYX , HYPERFIRE 2 COVERT 
d082ade7-209e-494f-93c7-298890b62968, RECONYX , HYPERFIRE 2 COVERT 
d0f507c3-e162-45a6-98eb-b723e6fd9e39, Prometheus , BTC5HDPX 
d126ec43-4e82-48ec-b7fa-7fb6a6d19795, RECONYX , HYPERFIRE 2 COVERT 
d1347a21-4c81-45a7-b1bc-5a78ca410d0a, Prometheus , BTC5HDPX 
d18662b3-dc58-4886-8c00-25e317715b93, Prometheus , BTC5HDPX 
d1921815-7c8a-4762-9b93-6dc561da1d88, Prometheus , BTC5HDPX 
d1b5a489-d56d-4405-ab58-d19e1b16ae51, Prometheus , BTC5HDPX 
d2282368-5218-4d33-ada1-0ccbd90ad9ea, Prometheus , BTC5HDPX 
d2964efe-81c8-4d4a-977b-2b1c806a0df6, Prometheus , BTC5HDPX 
d2be072c-bf65-4854-828f-076f9dc16f50, RECONYX , HYPERFIRE 2 COVERT 
d2d026f8-d4e2-4915-81a3-bb1739dc77b0, Prometheus , BTC5HDPX 
d33639a4-7ade-40a1-9a50-8484bce5ce42, Prometheus , BTC5HDPX 
d3ce7fea-5f96-410e-a86a-744d9e13e25d, Prometheus , BTC5HDPX 
d3d16c38-155a-4fbc-997f-6aae76b08d15, RECONYX , HC500 HYPERFIRE 
d3da16f2-88c9-4f1c-b04f-3adaa7fa74c1, RECONYX , HC500 HYPERFIRE 
d3e17074-7318-4d5e-9e53-08f9923da2b6, RECONYX , HC500 HYPERFIRE 
d406e5ef-b96a-47ac-9d83-7a9ce0e5717e, Prometheus , BTC5HDPX 
d43285b9-387c-4eb7-86c7-84f8427c3235, Prometheus , BTC5HDPX 
d4d27e79-a120-4f89-bdc3-081f52f19de2, CUDDEBACK , C1 
d561fcfa-d480-4f46-9602-2db72e6388ad, RECONYX , HC600 HYPERFIRE 
d562fc2a-259a-47e6-afa2-a7bb27f85159, Prometheus , BTC5HDPX 
d56c802b-3815-4656-b799-83802eaaa6fe, RECONYX , HC500 HYPERFIRE 
d5ef22c5-e24b-4a48-ba92-db7caaa92935, RECONYX , HYPERFIRE 2 COVERT 
d63d1921-fc0a-4d03-9b3c-836e98370b62, Prometheus , BTC5HDPX 
d6aa0a43-82f4-43e5-ba5b-ddc659120a8e, Prometheus , BTC5HDPX 
d6b77e5e-ab2f-4c10-8525-cfe47761d476, CUDDEBACK , E2 
d6e4c249-5ba9-422c-9e12-f8d4fda307d1, Prometheus , BTC5HDPX 
d7aa2a69-2e02-4fa1-b959-05a94e910622, Prometheus , BTC5HDPX 
d7c9a54d-3a20-4fd7-8701-169e3117be6c, RECONYX , HYPERFIRE 2 COVERT 
d7ebed2a-69cc-469b-9d1f-e4661ec98ba3, CUDDEBACK , E2 
d7fb73c7-3615-49dd-a7df-1bdb7cfbf74f, CUDDEBACK , C1 
d807dfc5-c030-44d0-ac16-d3a0f9e6a518, Prometheus , BTC5HDPX 
d880a2a7-aaaf-4b63-b6ea-0891a3ce1815, Prometheus , BTC5HDPX 
d88975c5-3a5f-412c-b16a-70c90ecdab52, CUDDEBACK , C1 
d894f923-2c05-46bb-b121-da7027bb80af, Prometheus , BTC5HDPX 
d8e4b1fd-62b6-4649-9d90-37be51170299, Prometheus , BTC5HDPX 
d9184417-2bd3-4871-9f53-48bcdb4fdab6, RECONYX , HC600 HYPERFIRE 
d9395dd7-3c4b-4ac3-89cd-edfd98f0e440, Prometheus , BTC5HDPX 
d9427832-109a-47c2-a86f-237ff6e81f38, Prometheus , BTC5HDPX 
d9d21c8b-b7d9-41f7-aa3c-e29f8d10cd2a, RECONYX , HC500 HYPERFIRE 
d9d31c51-791f-4b3d-9156-a0b707f29e9f, Prometheus , BTC5HDPX 
da4bf4c8-bbbc-42ed-a024-85919c7082ce, Prometheus , BTC5HDPX 
dae02057-cb77-4929-9b0b-9781c070e8ec, RECONYX , HC500 HYPERFIRE 
db84950c-5ff1-44cc-aa3a-e957b55f5440, RECONYX , HYPERFIRE 2 COVERT 
dcbef731-61e8-442d-8130-04c7d914d112, Prometheus , BTC5HDPX 
dcfa6494-03c0-4bde-a559-acf5cab8171d, Prometheus , BTC5HDPX 
dd0fb6e4-8df0-49d4-a64b-c8f5866ceecc, RECONYX , HYPERFIRE 2 COVERT 
dd693a4e-7776-46b3-8eec-01bce61c130c, CUDDEBACK , E2 
dd985f14-d16e-4fa6-a7f7-d656795590ba, RECONYX , HYPERFIRE 2 COVERT 
ddd6a07e-57d6-4f96-a03f-c4d370e4d66a, Prometheus , BTC5HDPX 
ddd8e881-22c1-4cf2-9b91-9df1f08755b7, RECONYX , HC500 HYPERFIRE 
de1d2155-a093-4488-82a5-aca6dabff236, RECONYX , HC500 HYPERFIRE 
de80e146-e64c-4c3f-9168-b13e7eea705a, Prometheus , BTC5HDPX 
de89a7ee-c63c-41ba-8cef-acf14acab86f, Prometheus , BTC5HDPX 
def5f428-b9f0-434e-a140-dbdbcc8aaa0e, Prometheus , BTC5HDPX 
df29af6c-2254-46c0-9d68-8848a3cc01f1, RECONYX , HYPERFIRE 2 COVERT 
df5075b3-07f2-4991-8a98-35a866cccc4c, RECONYX , HC500 HYPERFIRE 
dfc34a46-6b87-40f6-a993-7e0d548192b3, Prometheus , BTC5HDPX 
e0828331-9941-4b4c-be74-5c58a6cc63f9, RECONYX , HYPERFIRE 2 COVERT 
e0ec7425-7ef6-46d5-a99c-41539bdc37c1, Prometheus , BTC5HDPX 
e0fdbc46-6434-457a-8a5a-0161ad03e53a, RECONYX , HC500 HYPERFIRE 
e100697f-05bd-4f3c-b0d1-d102b6a0829a, Prometheus , BTC5HDPX 
e136e4d6-2144-4beb-b517-5a2cd2bf2565, RECONYX , HYPERFIRE 2 COVERT 
e1ac009b-2842-4ec8-9d27-8e9233daba4e, Prometheus , BTC5HDPX 
e1da3a60-b55a-42a3-83d7-d00597033261, Prometheus , BTC5HDPX 
e2179f88-018b-4724-91b8-e157fc97ad8d, RECONYX , HC500 HYPERFIRE 
e22cf8a5-5900-4701-8791-ce2de6e3311e, Prometheus , BTC5HDPX 
e24e0aff-5121-4af3-8ca0-ed2d4025987f, Prometheus , BTC5HDPX 
e2555d4d-d01d-4d9d-8ab4-c6cc49f20bda, RECONYX , HC500 HYPERFIRE 
e2576fca-4b97-4359-a238-b2c588ec8a53, Prometheus , BTC5HDPX 
e291aaaa-74ff-4170-96c5-abbecf169d80, Prometheus , BTC5HDPX 
e33e4392-c8fd-4e44-a007-0ecced45c274, Prometheus , BTC5HDPX 
e37d7e58-8298-440e-8db7-b072c95a0f14, RECONYX , HC500 HYPERFIRE 
e3a80b34-83a7-42cc-86a4-d0194c90a7db, Prometheus , BTC5HDPX 
e3cb0830-8878-4664-b126-471bbde3dd2a, RECONYX , HC500 HYPERFIRE 
e402c5a7-f3ac-4782-81d7-193dfaaf9fb1, RECONYX , HC500 HYPERFIRE 
e423b4a2-37b5-4125-980b-5ae5559a3719, Prometheus , BTC5HDPX 
e46e9491-c2d4-417f-984d-1cf821b30b9d, Prometheus , BTC5HDPX 
e48dfa98-8a38-46b3-9f97-499d6fa024b8, Prometheus , BTC5HDPX 
e4bf6533-d40c-43b3-b496-4c64bbab726e, Prometheus , BTC5HDPX 
e52abc28-d421-4f21-b1c8-76497b1b6bca, RECONYX , HYPERFIRE 2 COVERT 
e54137ee-a187-41e1-979f-bd04176c71cb, Prometheus , BTC5HDPX 
e5af8f57-d1a8-47b6-b8eb-6570c62a6d2f, Prometheus , BTC5HDPX 
e689e01e-4748-412c-bd49-121f9ab60984, Prometheus , BTC5HDPX 
e6e03193-3442-4892-9baf-78ab398fc758, RECONYX , HYPERFIRE 2 COVERT 
e705a874-6961-4ba3-af1c-c409a39c4732, Prometheus , BTC5HDPX 
e71dca08-11ed-449f-98dd-ba24ab548ac3, RECONYX , HYPERFIRE 2 COVERT 
e74d5311-d8f4-4f80-b2f2-acd0c9c2a239, CUDDEBACK , E2 
e78ad7ab-7c5a-408e-ae50-adab32cfc8b7, Prometheus , BTC5HDPX 
e7e0076d-c14e-4504-b93b-3d29a0fac047, Prometheus , BTC5HDPX 
e80edac7-dc82-4c70-8b7f-722f088eed90, Prometheus , BTC5HDPX 
e82fc7a3-4b60-4521-9bbd-f62f89d4a857, Prometheus , BTC5HDPX 
e8565778-49a1-4709-b50a-3d93337ab590, Prometheus , BTC5HDPX 
e85de78d-234b-4b65-838a-5853d58a2878, Prometheus , BTC5HDPX 
e85fd335-f062-4181-a819-bdcd40717a8b, RECONYX , HYPERFIRE 2 COVERT 
e90d3adf-3a60-4727-993b-280bd7b3cef0, Prometheus , BTC5HDPX 
e95d553b-1df9-4297-8244-87e43f498a64, Prometheus , BTC5HDPX 
e9befdcf-c138-4dd7-858e-2010b341e4d6, RECONYX , HC500 HYPERFIRE 
e9c9e8dd-8c15-49ab-bd89-e690ac424378, Prometheus , BTC5HDPX 
e9d151f4-3fae-41e0-9481-f946e056cb3a, CUDDEBACK , E2 
e9db3ec0-0c35-4586-a31f-0529167ca297, RECONYX , HC500 HYPERFIRE 
e9e65e3a-7179-49a5-9ed1-2fff04f93bc2, RECONYX , HC500 HYPERFIRE 
ea47200f-b06a-4751-b669-ff24669adfe8, Prometheus , BTC5HDPX 
ea837165-5928-4604-83a1-e9eeb7ae3b3e, RECONYX , HYPERFIRE 2 COVERT 
eb496e75-29e6-431c-b8af-b8e68ea81a31, RECONYX , HC500 HYPERFIRE 
eba3471a-b87e-4557-acff-623a5772092e, RECONYX , HC500 HYPERFIRE 
ec01ccf9-e02c-495c-99b7-53072ea51ca3, RECONYX , HYPERFIRE 2 COVERT 
ec331aad-48c1-491f-ac47-4650729fc0ef, Prometheus , BTC5HDPX 
ec9f22a1-9e02-44b9-9935-1321558a211b, RECONYX , HC500 HYPERFIRE 
eca39f57-e860-47b8-948b-c2467b598b03, Prometheus , BTC5HDPX 
ed591753-85f3-4b44-ba76-1d9bc17dae2d, RECONYX , HYPERFIRE 2 COVERT 
ed6436da-7470-4eaa-ae3f-d0a4c5bfa17d, Prometheus , BTC5HDPX 
ed7237fc-a337-43b8-9d7f-32b6cc1b4dfe, RECONYX , HYPERFIRE 2 COVERT 
edcd2db3-de7a-46b7-9b6f-dc2cb9f6f191, RECONYX , HYPERFIRE 2 COVERT 
ee6f862b-24cb-40e3-9845-9362d4d2d93e, Prometheus , BTC5HDPX 
ee7665c8-f517-4c13-8633-ec117b4000f7, RECONYX , HYPERFIRE 2 COVERT 
ee9b40a5-698d-49b6-8ec8-3b0764e16e4b, RECONYX , HC500 HYPERFIRE 
eea8d1fc-dc27-4c11-a08a-aa6ee4d98878, RECONYX , HYPERFIRE 2 COVERT 
eea90955-6fbc-434c-90d6-2dc8e9efb11c, Prometheus , BTC5HDPX 
eed3f634-4a4f-4270-ab27-6dc46a0a286a, RECONYX , HYPERFIRE 2 COVERT 
eee68f5d-8801-4563-9630-625a77e57302, Prometheus , BTC5HDPX 
ef38b523-a6bb-4088-8633-7208905444ec, RECONYX , HYPERFIRE 2 COVERT 
ef7486b3-53b2-4ff4-91d6-2722f8ce364f, Prometheus , BTC5HDPX 
efd1402e-5c9e-4aba-a5d3-9c69685d37e4, RECONYX , HYPERFIRE 2 COVERT 
efd5d7d4-7911-4ed8-b5d1-79376e08a0ce, RECONYX , HC500 HYPERFIRE 
f004af41-19ed-475d-bfe1-dee2b5538461, Prometheus , BTC5HDPX 
f035d448-f27a-45ac-976c-8aeed6e9b3c3, Prometheus , BTC5HDPX 
f0981b23-8efb-47ba-bb84-7268d024c807, RECONYX , HC500 HYPERFIRE 
f1b57a28-c34c-42bc-b326-a4e5caf44d5c, Prometheus , BTC5HDPX 
f22f592f-882a-4e9e-ac2d-a2f203ceb59b, RECONYX , HYPERFIRE 2 COVERT 
f29ceaba-2359-467e-a21f-28e84fa500e2, RECONYX , HC600 HYPERFIRE 
f2e4b906-a056-4891-8a38-3cb8035bb984, Prometheus , BTC5HDPX 
f2ed48eb-211e-4df4-9334-8c793759ed50, Prometheus , BTC5HDPX 
f3a7fb94-856a-49a0-8338-c25c97fe5dbf, Prometheus , BTC5HDPX 
f3f2a571-44ec-4acc-98f5-4b38532d9c44, Prometheus , BTC5HDPX 
f428fe64-7cdb-47dd-afd7-bce40468f521, Prometheus , BTC5HDPX 
f4688344-3ab2-4baa-a5f6-db48f2fb9a2e, Prometheus , BTC5HDPX 
f4731eb6-18f8-4987-9fd7-d5d040a058c4, RECONYX , HC600 HYPERFIRE 
f5654bcb-f624-430e-a638-dc4c947f37a6, CUDDEBACK , C1 
f5d32d22-8088-41c4-a670-7c74eb0dd74d, Prometheus , BTC5HDPX 
f617127f-c271-4603-85d5-98986467acf4, Prometheus , BTC5HDPX 
f6486d95-1d6c-4c5f-a1d1-46d470eca5bf, Prometheus , BTC5HDPX 
f6821ab6-27f0-48ea-9686-a0af3b8c02ed, RECONYX , HYPERFIRE 2 COVERT 
f6a78e0c-c855-46cb-8bd8-366f8f119301, Prometheus , BTC5HDPX 
f6d46c09-ab64-4ba8-8512-c2c21c1cd876, Prometheus , BTC5HDPX 
f706288e-0c8f-48bb-be96-2e5e9793cdfa, RECONYX , HYPERFIRE 2 COVERT 
f74745b9-f293-4619-b44d-7a17fa6cbe35, Prometheus , BTC5HDPX 
f7487043-64a6-4aec-b124-f9da15e8718d, RECONYX , HC500 HYPERFIRE 
f789005f-c59c-49eb-b0c7-68781f251c3f, Prometheus , BTC5HDPX 
f7c83abd-a45c-4e9e-80a7-09ec8523fb85, Prometheus , BTC5HDPX 
f7cad255-3f22-49bc-91d8-680e4a9367bb, Prometheus , BTC5HDPX 
f7cf6b7c-173e-464e-b12d-72fa6b2f10fe, RECONYX , HYPERFIRE 2 COVERT 
f7db1453-6dbe-4a8e-baf0-4fee9ddc4bd0, Prometheus , BTC5HDPX 
f7f7ab4c-d23c-416b-b557-30c514c6bf97, Prometheus , BTC5HDPX 
f8b1207c-7d1a-42f1-888c-aca52c363ffd, RECONYX , HYPERFIRE 2 COVERT 
f8e34ce8-c963-4005-a74f-1e7a41b384db, CUDDEBACK , C1 
f97bb41a-2373-4b97-b925-ff10179fbfa1, RECONYX , HYPERFIRE 2 COVERT 
f9839f82-af67-4fbc-95ac-603f861c318d, RECONYX , HYPERFIRE 2 COVERT 
f9b73c86-c4a4-4ae4-ac04-a27e6328afe8, Prometheus , BTC5HDPX 
fa4c924e-aed1-4bce-b600-1bc7083a8b25, Prometheus , BTC5HDPX 
faef47b5-7a0d-439a-8eec-1dae8fcd4e9b, Prometheus , BTC5HDPX 
fb109a43-8568-413a-a281-f588901b1915, Prometheus , BTC5HDPX 
fb381aac-d159-4455-8a41-9cff69205190, Prometheus , BTC5HDPX 
fb453bde-5d73-4416-bdba-dd081ac93df2, RECONYX , HC500 HYPERFIRE 
fb5fca85-9bdd-4377-8dc5-ff9d1219fbe1, Prometheus , BTC5HDPX 
fb9c5130-796f-4602-b85f-a2c442fe1c9b, RECONYX , HC600 HYPERFIRE 
fbd25b27-4a8f-4a88-b3f8-f067a01132c8, Prometheus , BTC5HDPX 
fc45531b-6ede-43f9-862f-825334f4a4f7, RECONYX , HYPERFIRE 2 COVERT 
fc7aed6b-3879-4d7c-b31c-88bbea68e44f, Prometheus , BTC5HDPX 
fcc5866c-d5b2-4036-bcb3-578073b0d7eb, Prometheus , BTC5HDPX 
fda44c8e-6a5f-486c-9e0d-54bc87e578f4, RECONYX , HC500 HYPERFIRE 
fdc1119d-321d-42bd-bd4f-9fff7c6f7e7d, RECONYX , HC500 HYPERFIRE 
fdfe3070-07ec-4d4a-bf39-c496469aa29d, Prometheus , BTC5HDPX 
fe01fed5-cd5a-4739-9810-c524703fd780, RECONYX , HYPERFIRE 2 COVERT 
fe50fcb5-30b4-4092-9f59-192497d744f2, RECONYX , HC500 HYPERFIRE 
fe5fd90c-8d6f-47d8-b02a-2f9e52e5989a, RECONYX , HC500 HYPERFIRE 
fe700616-096c-46b1-86f5-4b285a6d727f, RECONYX , HYPERFIRE 2 COVERT 
fe874c3b-a60c-4f9c-9558-130ac7417423, RECONYX , HYPERFIRE 2 COVERT 
fe8be912-c4c4-4fd2-a9e7-87039086e911, RECONYX , HC500 HYPERFIRE 
febe1382-a137-4637-999a-7f9c4102d454, Prometheus , BTC5HDPX 
ff2eabc8-945a-475e-86f7-1fb5ea067a10, Prometheus , BTC5HDPX 
ffa0c22b-e4b5-450f-b7ad-53e2fe808d5c, RECONYX , HC500 HYPERFIRE 
fff441d6-d016-4fd2-b299-8e08ab235a26, Prometheus , BTC5HDPX 
